duration_s,distance_m,endpoint_error_m,drift_percent,ate_m,rmse_pos_m,max_error_m,speed_rmse_mps,speed_mae_mps,heading_mae_deg,heading_final_deg,reacq_max_step_m,reacq_time_to_5m_s,drive,session,t_start,variant,label,ms_per_step,update_rate_hz,motion_updates,nhc_updates,map_updates,gnss_updates_in_blackout,align_fit_corr,align_mount_deg,anom_shock,anom_transient,anom_slip,config,fixes_used,lag_used_median,lag_online_frac,lag_raw_median,lag_at_start,lag_source_at_start,rollbacks,rollback_skipped,split
30.0000,501.2133,90.3641,18.0291,51.2251,57.9415,90.3641,1.7341,1.3584,1.9616,1.3148,3.7989,0.4000,S3c,0,300.0000,D,D: ML + EKF + NHC + map,0.8116,1232.1563,285,300,0,0,0.7392,-60.9468,0,0,0,reference,,,,,,,,,val
30.0000,376.7845,40.6476,10.7880,21.5796,23.3738,40.6476,2.8190,2.2954,2.1270,0.4810,2.4805,4.7000,S3c,0,975.0000,D,D: ML + EKF + NHC + map,0.7048,1418.9413,285,299,0,0,0.7120,-68.9840,0,0,0,reference,,,,,,,,,val
30.0000,323.3899,28.9479,8.9514,20.3425,21.1934,28.9479,2.0228,1.6168,1.7053,0.1381,1.4348,2.1000,S3c,0,1590.0000,D,D: ML + EKF + NHC + map,0.7169,1394.9638,285,284,12,0,0.7177,-89.5458,0,0,0,reference,,,,,,,,,val
30.0000,372.9973,45.2725,12.1375,13.2984,17.1860,45.2725,2.0939,1.7568,3.9404,1.7632,2.2314,0.8000,S3c,0,2340.0000,D,D: ML + EKF + NHC + map,0.7449,1342.5192,287,301,0,0,0.7993,-76.7214,0,0,0,reference,,,,,,,,,val
30.0000,528.8802,101.4447,19.1810,45.2409,56.2132,101.4447,3.6927,3.3808,0.7024,0.9065,4.5954,0.5000,S3c,0,2955.0000,D,D: ML + EKF + NHC + map,0.7396,1352.1132,286,300,0,0,0.3405,-106.7840,0,0,0,reference,,,,,,,,,val
30.0000,195.0372,29.2454,14.9948,17.7093,19.7087,31.9976,5.2739,4.3023,2.0264,2.7477,0.5220,2.0000,S3c,0,3645.0000,D,D: ML + EKF + NHC + map,0.6937,1441.4909,285,300,0,0,0.5052,-96.6242,0,0,0,reference,,,,,,,,,val
60.0000,668.6532,157.9494,23.6220,93.5078,105.5446,165.7425,3.4408,2.7439,2.4938,1.9792,5.1181,0.5000,S3c,0,300.0000,D,D: ML + EKF + NHC + map,0.8912,1122.0461,586,601,0,0,0.7392,-60.9468,0,0,0,reference,,,,,,,,,val
60.0000,757.1978,180.8346,23.8821,78.2655,96.4075,180.9125,2.3795,1.9722,2.3900,5.0947,6.4633,0.5000,S3c,0,960.0000,D,D: ML + EKF + NHC + map,0.8866,1127.9481,585,600,0,0,0.7256,-68.2845,0,0,0,reference,,,,,,,,,val
60.0000,665.5684,73.9984,11.1181,35.4969,39.9619,73.9984,2.4784,1.9616,1.8516,7.6484,2.8178,0.3990,S3c,0,1590.0000,D,D: ML + EKF + NHC + map,0.8795,1137.0630,586,585,12,0,0.7177,-89.5458,0,0,0,reference,,,,,,,,,val
60.0000,611.1491,33.8992,5.5468,21.3320,24.2837,38.7806,1.4651,1.1918,3.5276,3.2343,1.4197,2.6000,S3c,0,2280.0000,D,D: ML + EKF + NHC + map,0.9374,1066.7664,584,578,112,0,0.7825,-88.0033,0,0,0,reference,,,,,,,,,val
60.0000,948.1185,325.3983,34.3204,179.8805,205.4688,325.3983,6.9538,6.4417,4.6426,5.9332,11.8143,0.6000,S3c,0,2910.0000,D,D: ML + EKF + NHC + map,0.8273,1208.7438,586,575,0,0,0.4079,-95.8891,0,0,0,reference,,,,,,,,,val
60.0000,519.1449,69.4373,13.3753,32.0522,40.2536,100.6933,4.4107,3.3984,6.7158,21.4270,2.5466,0.9990,S3c,0,3600.0000,D,D: ML + EKF + NHC + map,0.9448,1058.4713,586,594,0,0,0.5681,-97.8581,0,0,0,reference,,,,,,,,,val
120.0000,1231.5641,141.4787,11.4877,112.4087,122.7147,205.4979,5.9316,4.7928,7.0710,21.9090,4.1884,0.5000,S3c,0,300.0000,D,D: ML + EKF + NHC + map,1.0404,961.1246,1186,1201,0,0,0.7392,-60.9468,0,0,0,reference,,,,,,,,,val
120.0000,2013.9329,784.8837,38.9727,230.0727,307.9168,784.8837,5.8172,3.9798,11.3209,33.8132,25.2340,1.3990,S3c,0,960.0000,D,D: ML + EKF + NHC + map,1.0861,920.6846,1184,1199,0,0,0.7256,-68.2845,0,0,0,reference,,,,,,,,,val
120.0000,1146.5859,264.7133,23.0871,75.9430,97.4300,264.7133,3.8414,2.7983,18.5768,49.8049,8.5369,0.6000,S3c,0,1620.0000,D,D: ML + EKF + NHC + map,1.0711,933.5904,1186,1129,0,0,0.7195,-94.3862,0,0,0,reference,,,,,,,,,val
120.0000,1194.9070,291.9018,24.4288,187.6567,222.7075,312.4304,5.3092,3.9383,8.1014,22.2846,9.7038,0.5000,S3c,0,2220.0000,D,D: ML + EKF + NHC + map,1.1219,891.3745,1185,1178,166,0,0.7272,-101.4111,0,0,0,reference,,,,,,,,,val
120.0000,1681.1988,364.1007,21.6572,174.8310,220.9397,364.1007,6.0241,5.0844,2.8601,1.4065,12.4943,0.6000,S3c,0,2880.0000,D,D: ML + EKF + NHC + map,1.0542,948.5819,1186,1159,0,0,0.4148,-89.7140,0,0,0,reference,,,,,,,,,val
120.0000,839.0200,190.1674,22.6654,184.6740,224.2924,380.6904,5.3035,3.9326,88.3317,138.8366,6.3540,0.4990,S3c,0,3540.0000,D,D: ML + EKF + NHC + map,1.1300,884.9655,1174,1170,4,0,0.4397,-123.2384,0,0,0,reference,,,,,,,,,val
30.0000,134.3178,20.0109,14.8982,10.9874,14.7183,26.4563,2.3406,1.8386,9.8227,2.4703,1.3412,2.1000,Vta16,0,315.0000,D,D: ML + EKF + NHC + map,0.8107,1233.4390,285,270,0,0,0.0619,-97.4101,0,0,0,reference,,,,,,,,,val
30.0000,250.9996,75.1475,29.9393,22.6016,31.7842,75.1475,1.9238,1.4814,9.8243,30.8712,1.4863,1.2000,Vta16,0,495.0000,D,D: ML + EKF + NHC + map,0.7443,1343.5175,285,287,0,0,0.3330,87.7400,0,0,0,reference,,,,,,,,,val
30.0000,484.6937,124.1379,25.6116,67.3180,78.4725,124.1379,4.7613,4.2872,9.5943,37.5942,5.0565,0.5000,Vta16,0,630.0000,D,D: ML + EKF + NHC + map,0.7512,1331.1184,286,282,0,0,0.2253,99.4058,0,0,0,reference,,,,,,,,,val
30.0000,478.4390,28.7785,6.0151,24.4004,28.3744,43.1721,3.5536,3.2528,6.6076,13.1208,2.0998,0.2000,Vta16,0,780.0000,D,D: ML + EKF + NHC + map,0.7408,1349.8358,285,293,0,0,0.0852,83.8606,0,0,0,reference,,,,,,,,,val
30.0000,452.7418,192.4133,42.4996,103.4060,119.1254,192.4133,9.6657,9.3773,8.4567,12.6554,7.5662,0.4000,Vta16,0,930.0000,D,D: ML + EKF + NHC + map,0.7352,1360.1037,286,273,0,0,0.2183,78.1047,0,0,0,reference,,,,,,,,,val
30.0000,319.6200,123.3475,38.5919,32.7387,46.7622,123.3475,1.9871,1.5003,30.8572,84.8524,4.6177,0.4000,Vta16,0,1065.0000,D,D: ML + EKF + NHC + map,0.7599,1316.0242,285,241,27,0,0.0728,112.4871,0,0,0,reference,,,,,,,,,val
60.0000,310.3378,35.5544,11.4567,15.9076,19.4043,35.5544,2.6837,2.2233,9.2945,5.4086,1.2095,0.1000,Vta16,0,300.0000,D,D: ML + EKF + NHC + map,0.8634,1158.1802,585,565,0,0,0.0512,-73.9489,0,0,0,reference,,,,,,,,,val
60.0000,387.7785,215.0013,55.4444,101.7510,118.6158,215.0013,4.5567,3.5171,49.8975,66.3819,7.7194,0.4000,Vta16,0,450.0000,D,D: ML + EKF + NHC + map,0.8470,1180.6761,586,559,0,0,0.0736,-155.7166,0,0,0,reference,,,,,,,,,val
60.0000,946.8757,365.1958,38.5685,165.4464,191.1852,365.1958,7.0544,6.5774,18.8771,66.9937,12.0223,0.5000,Vta16,0,600.0000,D,D: ML + EKF + NHC + map,0.9142,1093.8301,586,575,0,0,0.2208,103.6264,0,0,0,reference,,,,,,,,,val
60.0000,924.7404,235.4365,25.4597,106.2729,125.8932,235.4365,3.8362,3.2285,16.2825,23.2668,7.8011,0.8000,Vta16,0,720.0000,D,D: ML + EKF + NHC + map,0.8717,1147.1225,585,583,0,0,0.1693,83.5901,0,0,0,reference,,,,,,,,,val
60.0000,724.0586,269.8622,37.2708,85.0943,103.9482,269.8622,4.6714,3.5547,35.0300,127.8837,9.5355,0.4000,Vta16,0,870.0000,D,D: ML + EKF + NHC + map,0.7858,1272.5603,585,528,0,0,0.1784,57.6134,0,0,0,reference,,,,,,,,,val
60.0000,703.5992,116.5526,16.5652,60.1821,71.8768,130.7587,4.9591,4.1856,8.3950,17.7298,4.5993,0.3990,Vta16,0,1020.0000,D,D: ML + EKF + NHC + map,0.8852,1129.6682,585,515,103,0,0.1680,98.1974,0,0,0,reference,,,,,,,,,val
120.0000,482.4017,40.1107,8.3148,32.4947,39.2749,102.2993,3.6401,2.4040,16.5825,40.8362,2.0075,0.1000,Vta16,0,300.0000,D,D: ML + EKF + NHC + map,1.0146,985.5739,1185,1101,0,0,0.0512,-73.9489,0,0,0,reference,,,,,,,,,val
120.0000,777.1058,274.7371,35.3539,111.6359,141.6817,274.7371,4.0871,3.1817,38.2131,62.0300,8.6107,0.4000,Vta16,0,420.0000,D,D: ML + EKF + NHC + map,1.0916,916.0951,1185,1114,0,0,0.1037,-115.0516,0,0,0,reference,,,,,,,,,val
120.0000,1767.7630,1345.5735,76.1173,547.6029,657.9978,1345.5735,8.5348,7.6172,54.2236,142.5515,45.2732,6.5000,Vta16,0,540.0000,D,D: ML + EKF + NHC + map,1.0373,964.0251,1186,1167,0,0,0.2637,89.5355,0,0,0,reference,,,,,,,,,val
120.0000,1759.3129,945.8754,53.7639,339.8711,454.8833,976.8743,4.5975,3.8670,39.3639,130.4958,30.9432,0.4000,Vta16,0,720.0000,D,D: ML + EKF + NHC + map,1.0860,920.8420,1185,1141,0,0,0.1693,83.5901,0,0,0,reference,,,,,,,,,val
120.0000,1349.2278,380.7721,28.2215,95.0852,123.9206,380.7721,6.7263,5.0902,30.7496,86.9416,12.2050,0.4000,Vta16,0,840.0000,D,D: ML + EKF + NHC + map,1.0942,913.9180,1185,1084,0,0,0.1366,54.0702,0,0,0,reference,,,,,,,,,val
120.0000,1573.1280,482.4873,30.6706,243.6606,283.5027,482.4873,3.5962,2.6265,16.8401,42.0852,16.1671,0.9000,Vta16,0,960.0000,D,D: ML + EKF + NHC + map,1.0737,931.3274,1185,1029,0,0,0.2070,74.4685,0,0,0,reference,,,,,,,,,val
30.0000,625.5132,37.9720,6.0705,26.1827,29.9043,45.2855,1.5040,1.1400,6.7904,6.8856,3.0021,2.9020,Vfa01,0,300.0000,D,D: ML + EKF + NHC + map,0.8230,1215.0502,285,293,57,0,0.4556,85.3821,0,0,0,reference,,,,,,,,,val
30.0000,587.9765,44.5898,7.5836,17.1859,21.4661,44.5898,2.0311,1.6391,3.1742,0.2167,1.3458,0.6000,Vfa01,0,450.0000,D,D: ML + EKF + NHC + map,0.7556,1323.4881,285,276,57,0,0.3203,94.1268,0,0,0,reference,,,,,,,,,val
30.0000,760.8882,68.7004,9.0290,46.5102,53.0029,71.2763,4.1209,3.7983,6.1719,1.1429,4.0833,0.5000,Vfa01,0,615.0000,D,D: ML + EKF + NHC + map,0.7149,1398.8892,285,244,0,0,0.4856,91.3067,0,0,0,reference,,,,,,,,,val
30.0000,495.2327,138.8512,28.0376,66.1978,81.6936,138.8512,4.6592,3.4900,15.9889,21.3167,4.2008,0.4010,Vfa01,0,750.0000,D,D: ML + EKF + NHC + map,0.6840,1462.0014,285,295,0,0,0.5543,87.4043,1,0,0,reference,,,,,,,,,val
30.0000,384.4121,89.3059,23.2318,37.5464,47.3860,89.3059,6.9116,6.2910,4.5255,5.1077,1.9910,0.4010,Vfa01,0,900.0000,D,D: ML + EKF + NHC + map,0.7457,1340.9616,285,248,0,0,0.4505,90.7305,1,0,0,reference,,,,,,,,,val
30.0000,340.0709,325.4839,95.7106,131.0286,166.9673,325.4839,3.4515,2.7168,45.9713,65.0416,11.1147,0.5000,Vfa01,0,1080.0000,D,D: ML + EKF + NHC + map,0.7406,1350.2743,285,253,0,0,0.4790,76.6753,2,0,0,reference,,,,,,,,,val
60.0000,1339.6855,128.6703,9.6045,60.8821,75.6565,153.9878,5.0311,3.3905,7.9771,6.0684,6.4221,0.4010,Vfa01,0,300.0000,D,D: ML + EKF + NHC + map,0.8732,1145.2676,585,591,117,0,0.4556,85.3821,0,0,0,reference,,,,,,,,,val
60.0000,964.1739,325.8508,33.7959,83.2718,122.5977,325.8508,4.4134,3.7425,22.3758,55.5074,9.4597,0.5010,Vfa01,0,450.0000,D,D: ML + EKF + NHC + map,0.8597,1163.2188,585,556,66,0,0.3203,94.1268,0,0,0,reference,,,,,,,,,val
60.0000,1497.4792,367.3513,24.5313,130.9214,169.9854,367.3513,4.0324,3.3270,7.0323,17.3513,13.8026,0.5000,Vfa01,0,600.0000,D,D: ML + EKF + NHC + map,0.9209,1085.8383,585,508,0,0,0.4704,87.4558,0,0,0,reference,,,,,,,,,val
60.0000,1010.7968,352.2084,34.8446,159.5607,192.9949,352.2084,5.3747,4.3963,24.4429,33.1235,11.9520,0.4010,Vfa01,0,720.0000,D,D: ML + EKF + NHC + map,0.9067,1102.9337,585,582,0,0,0.4946,85.6501,1,0,0,reference,,,,,,,,,val
60.0000,858.4063,294.1645,34.2687,101.1101,132.2967,294.1645,4.1191,3.3870,23.5063,49.7211,8.6227,0.4010,Vfa01,0,870.0000,D,D: ML + EKF + NHC + map,0.9579,1043.9677,585,515,0,0,0.4695,90.3916,1,0,0,reference,,,,,,,,,val
60.0000,587.2390,553.5786,94.2680,142.0853,215.0032,553.5786,2.5725,1.9417,49.3372,112.8691,19.2277,1.4000,Vfa01,0,1050.0000,D,D: ML + EKF + NHC + map,0.8016,1247.4989,585,510,0,0,0.4859,78.2313,2,0,0,reference,,,,,,,,,val
120.0000,2607.5571,441.3979,16.9276,182.5035,231.8463,445.4766,5.8931,4.9354,10.2820,7.7877,15.9882,0.9010,Vfa01,0,300.0000,D,D: ML + EKF + NHC + map,1.0198,980.5952,1185,1142,165,0,0.4556,85.3821,0,0,0,reference,,,,,,,,,val
120.0000,1853.9375,349.4359,18.8483,137.3992,196.7802,408.3851,4.9499,4.1297,18.6854,144.9683,11.2346,0.5010,Vfa01,0,420.0000,D,D: ML + EKF + NHC + map,1.1367,879.7489,1185,1070,128,0,0.4142,87.5357,0,0,0,reference,,,,,,,,,val
120.0000,2275.4640,1106.0726,48.6087,310.2323,444.8743,1106.0726,10.6864,9.4500,28.3322,61.1812,31.2139,1.4010,Vfa01,0,540.0000,D,D: ML + EKF + NHC + map,1.0341,966.9828,1185,1040,13,0,0.3384,90.9100,0,0,0,reference,,,,,,,,,val
120.0000,1830.1519,919.8881,50.2629,412.2744,503.5359,919.8881,4.1414,3.1556,33.7963,94.4743,31.5272,0.5010,Vfa01,0,720.0000,D,D: ML + EKF + NHC + map,1.1018,907.6051,1185,1156,0,0,0.4946,85.6501,1,0,0,reference,,,,,,,,,val
120.0000,1627.3294,711.5415,43.7245,202.2978,289.6756,711.5415,4.5163,3.8878,34.9055,83.2493,22.8153,0.5000,Vfa01,0,840.0000,D,D: ML + EKF + NHC + map,1.0343,966.8177,1185,1027,0,0,0.5027,87.7722,2,0,0,reference,,,,,,,,,val
120.0000,825.7010,95.1679,11.5257,39.5881,44.2671,95.1679,2.2845,1.7186,13.5242,0.8709,2.4205,0.4010,Vfa01,0,960.0000,D,D: ML + EKF + NHC + map,1.1391,877.8739,1186,1081,0,0,0.4766,85.6952,0,0,0,reference,,,,,,,,,val
30.0000,394.1462,101.3931,25.7248,33.6907,47.4926,101.3931,3.7802,3.1368,1.0774,1.3640,4.8054,0.4990,S1,0,300.0000,D,D: ML + EKF + NHC + map,0.8038,1244.0966,286,300,57,0,0.6120,73.6842,0,0,0,reference,,,,,,,,,test
30.0000,118.3173,29.1317,24.6217,11.7721,14.6858,29.1317,0.9214,0.6732,6.8418,12.4730,1.2369,2.2990,S1,0,1185.0000,D,D: ML + EKF + NHC + map,0.7221,1384.8355,284,295,0,0,0.7883,71.1887,0,0,0,reference,,,,,,,,,test
30.0000,287.8600,30.3376,10.5390,16.4255,21.3392,38.3473,4.1651,3.3352,4.7390,9.5433,1.3420,2.4000,S1,0,2145.0000,D,D: ML + EKF + NHC + map,0.7476,1337.5364,286,300,0,0,0.5381,45.8297,0,0,0,reference,,,,,,,,,test
30.0000,162.7101,9.1391,5.6168,3.9157,4.5438,9.1391,0.5748,0.4720,1.3417,0.5295,0.7628,1.3990,S1,0,3060.0000,D,D: ML + EKF + NHC + map,0.7728,1294.0192,284,261,0,0,0.8008,64.9116,0,0,0,reference,,,,,,,,,test
30.0000,177.0207,30.6967,17.3407,9.4811,12.8712,30.6967,1.6259,1.1565,2.5525,5.0728,1.3503,2.6990,S1,0,3960.0000,D,D: ML + EKF + NHC + map,0.7998,1250.2757,286,301,0,0,0.7620,66.3780,0,0,0,reference,,,,,,,,,test
30.0000,101.9300,21.2294,20.8274,15.1482,17.1672,22.0878,1.5813,1.1280,0.6583,5.2463,0.9247,4.6990,S1,0,5055.0000,D,D: ML + EKF + NHC + map,0.7181,1392.5046,285,300,57,0,0.8319,64.3302,0,0,0,reference,,,,,,,,,test
60.0000,819.6284,174.5202,21.2926,89.1840,108.6133,175.1202,3.6049,3.1701,6.8693,20.0119,6.4233,0.4990,S1,0,300.0000,D,D: ML + EKF + NHC + map,0.9250,1081.1243,586,600,117,0,0.6120,73.6842,0,0,0,reference,,,,,,,,,test
60.0000,474.6477,60.4822,12.7425,15.7869,22.0121,60.4876,2.1978,1.8736,8.0637,20.9338,1.7008,1.5990,S1,0,1230.0000,D,D: ML + EKF + NHC + map,0.8430,1186.2096,586,581,0,0,0.7626,69.9091,0,0,0,reference,,,,,,,,,test
60.0000,567.4469,36.8398,6.4922,27.5874,32.7121,60.5715,2.9781,2.4834,4.8861,1.9976,1.1810,1.0990,S1,0,2130.0000,D,D: ML + EKF + NHC + map,0.9162,1091.5150,585,585,0,0,0.5417,45.9481,0,0,0,reference,,,,,,,,,test
60.0000,342.2292,34.2563,10.0097,11.7334,15.2139,34.2563,1.2706,0.9600,3.1387,1.5543,1.1881,2.0000,S1,0,3060.0000,D,D: ML + EKF + NHC + map,0.9158,1091.9623,585,542,0,0,0.8008,64.9116,0,0,0,reference,,,,,,,,,test
60.0000,419.1626,41.1006,9.8054,21.8637,25.9923,42.2644,2.2983,1.6563,3.8007,5.9383,1.5238,2.2990,S1,0,3960.0000,D,D: ML + EKF + NHC + map,0.9648,1036.4503,586,597,0,0,0.7620,66.3780,0,0,0,reference,,,,,,,,,test
60.0000,187.2536,43.7696,23.3745,15.4517,20.0809,45.8434,1.7135,1.1591,2.3580,4.9011,0.9044,5.5000,S1,0,5040.0000,D,D: ML + EKF + NHC + map,0.8689,1150.8463,585,600,117,0,0.8318,64.6171,0,0,0,reference,,,,,,,,,test
120.0000,1539.0428,692.3822,44.9878,220.3608,284.5756,692.3822,2.9758,2.4656,28.9524,67.5539,23.8753,2.0000,S1,0,300.0000,D,D: ML + EKF + NHC + map,1.1450,873.3461,1186,1189,135,0,0.6120,73.6842,0,0,0,reference,,,,,,,,,test
120.0000,892.7171,306.5369,34.3375,157.4272,192.7054,320.9963,1.6523,1.3820,15.9171,1.0195,10.4031,0.5000,S1,0,1200.0000,D,D: ML + EKF + NHC + map,1.0837,922.7970,1186,1168,0,0,0.7664,69.8366,0,0,0,reference,,,,,,,,,test
120.0000,1026.2289,290.3850,28.2963,96.5389,122.8912,290.3850,2.8160,2.1699,11.9957,41.7931,8.7611,0.6990,S1,0,2160.0000,D,D: ML + EKF + NHC + map,1.0940,914.1059,1185,1156,0,0,0.5532,46.8268,0,0,0,reference,,,,,,,,,test
120.0000,603.5219,73.9800,12.2580,34.1853,42.9640,73.9800,1.2355,0.9372,6.8518,7.1497,2.1821,1.4990,S1,0,3060.0000,D,D: ML + EKF + NHC + map,1.1506,869.0825,1185,1102,0,0,0.8008,64.9116,0,0,0,reference,,,,,,,,,test
120.0000,778.3688,343.6800,44.1539,89.9825,130.1457,343.6800,2.1589,1.7016,33.8298,69.1326,10.3580,0.4000,S1,0,4020.0000,D,D: ML + EKF + NHC + map,1.0790,926.7606,1185,1154,0,0,0.7910,73.0746,0,0,0,reference,,,,,,,,,test
120.0000,750.5923,50.8807,6.7787,23.6196,26.7557,51.8939,1.0980,0.7316,2.6426,2.4304,1.1096,2.9990,S1,0,4980.0000,D,D: ML + EKF + NHC + map,1.1219,891.3457,1185,1200,237,0,0.8364,69.9273,0,0,0,reference,,,,,,,,,test
30.0000,525.5802,116.8953,22.2412,45.4355,62.8773,116.8953,6.2208,4.4832,4.0077,6.3661,5.3242,0.4000,M,0,300.0000,D,D: ML + EKF + NHC + map,0.7822,1278.3902,285,300,28,0,0.9406,53.2886,0,0,0,reference,,,,,,,,,test
30.0000,199.1823,26.8402,13.4752,14.7780,19.8214,43.9737,1.9371,1.5867,6.0631,13.5956,1.3380,2.8010,M,0,2175.0000,D,D: ML + EKF + NHC + map,0.8153,1226.6106,285,273,0,0,0.9000,70.9960,0,0,0,reference,,,,,,,,,test
30.0000,414.8864,43.4113,10.4634,10.8825,15.8554,43.4113,1.0584,0.7928,1.7834,1.4841,2.3005,1.4010,M,0,4035.0000,D,D: ML + EKF + NHC + map,0.7641,1308.7299,285,298,57,0,0.9365,87.8061,0,0,0,reference,,,,,,,,,test
30.0000,270.6088,63.7513,23.5585,24.5871,30.1528,63.7513,2.0447,1.2798,7.7916,9.1858,1.2157,1.2990,M,2,6774.1240,D,D: ML + EKF + NHC + map,0.7652,1306.7761,285,300,0,0,0.8584,63.0072,0,0,0,reference,,,,,,,,,test
30.0000,216.3940,36.0330,16.6515,11.3048,16.0668,36.0330,1.7511,1.5579,1.0096,1.9196,1.0923,1.5990,M,2,8739.1240,D,D: ML + EKF + NHC + map,0.7753,1289.8676,285,300,0,0,0.9370,58.3509,0,0,0,reference,,,,,,,,,test
30.0000,144.4625,11.8669,8.2145,8.7149,9.6669,14.0551,1.5071,0.9846,5.8994,3.4687,0.3616,1.1990,M,2,10524.1240,D,D: ML + EKF + NHC + map,0.7824,1278.1128,284,240,0,0,0.6377,68.4187,0,0,0,reference,,,,,,,,,test
60.0000,1010.3487,203.6751,20.1589,103.1521,123.7963,203.6751,4.6836,3.3105,3.7555,4.5969,7.7754,0.4010,M,0,300.0000,D,D: ML + EKF + NHC + map,0.8021,1246.7337,585,600,77,0,0.9406,53.2886,0,0,0,reference,,,,,,,,,test
60.0000,386.3854,62.1665,16.0892,23.2200,28.7222,62.1665,1.6568,1.2712,13.0450,23.8651,1.6486,0.2000,M,0,2130.0000,D,D: ML + EKF + NHC + map,0.8763,1141.1476,585,570,0,0,0.8951,67.4312,0,0,0,reference,,,,,,,,,test
60.0000,173.8759,14.2849,8.2156,7.4369,9.2062,18.4236,0.6573,0.4540,2.7219,7.8548,1.2139,6.0000,M,0,4140.0000,D,D: ML + EKF + NHC + map,0.8803,1135.9518,585,600,117,0,0.9009,85.9466,0,0,0,reference,,,,,,,,,test
60.0000,436.9120,41.5317,9.5057,19.9270,23.4137,42.3182,3.4616,2.7620,4.0538,13.0399,1.1972,0.0990,M,2,6789.1240,D,D: ML + EKF + NHC + map,0.8729,1145.5965,584,599,0,0,0.8801,64.1429,0,0,0,reference,,,,,,,,,test
60.0000,545.0209,42.6468,7.8248,15.3263,19.3030,42.6468,0.7539,0.6453,8.0262,21.2865,1.9698,0.1000,M,2,8649.1240,D,D: ML + EKF + NHC + map,0.8635,1158.0456,585,552,0,0,0.9461,61.0954,0,0,0,reference,,,,,,,,,test
60.0000,282.6365,22.0034,7.7850,12.0838,13.8828,23.9395,1.1460,0.8003,4.1368,7.7553,0.7026,1.2990,M,2,10479.1240,D,D: ML + EKF + NHC + map,0.8834,1131.9640,585,552,0,0,0.6293,70.8551,0,0,0,reference,,,,,,,,,test
120.0000,1820.1742,120.1059,6.5986,138.3756,152.9642,220.6045,4.1875,3.1440,4.8806,10.1382,5.1914,0.4000,M,0,300.0000,D,D: ML + EKF + NHC + map,1.1055,904.5740,1185,1200,77,0,0.9406,53.2886,0,0,0,reference,,,,,,,,,test
120.0000,720.4282,27.5589,3.8253,33.4805,38.3623,62.8369,1.5167,1.1448,5.9426,2.7376,1.0716,0.5000,M,0,2100.0000,D,D: ML + EKF + NHC + map,1.1095,901.2733,1185,1115,0,0,0.8860,65.7821,0,0,0,reference,,,,,,,,,test
120.0000,429.9772,36.5574,8.5022,20.3560,25.1783,55.5870,1.4332,0.7930,7.2129,10.3764,1.9039,6.3000,M,0,4140.0000,D,D: ML + EKF + NHC + map,1.2306,812.6335,1185,1200,231,0,0.9009,85.9466,0,0,0,reference,,,,,,,,,test
120.0000,904.6886,229.2241,25.3373,65.6508,85.2635,229.2241,3.5409,2.9612,12.2347,39.0104,8.3065,0.4990,M,2,6789.1240,D,D: ML + EKF + NHC + map,1.0057,994.3031,1185,1196,0,0,0.8801,64.1429,0,0,0,reference,,,,,,,,,test
120.0000,1014.9004,175.8269,17.3245,73.2018,90.1615,175.8269,2.7415,2.3090,5.3241,13.0919,5.5015,0.4000,M,2,8589.1240,D,D: ML + EKF + NHC + map,1.0139,986.3250,1186,1152,0,0,0.9473,63.2978,0,0,0,reference,,,,,,,,,test
120.0000,1008.2964,305.6342,30.3119,111.8578,154.9851,305.6342,1.3575,1.0420,20.0477,39.0452,9.8792,0.9990,M,2,10389.1240,D,D: ML + EKF + NHC + map,1.0296,971.2728,1185,1178,0,0,0.6440,73.4064,0,0,0,reference,,,,,,,,,test
30.0000,501.2133,138.1116,27.5555,83.7163,90.0189,138.1116,1.6702,1.3034,5.3749,10.4584,5.0873,13.3990,S3c,0,300.0000,D,D: ML + EKF + NHC + map,0.7277,1374.1401,285,300,0,0,0.3750,-55.3379,0,0,0,phone_asis,,,,,,,,,val
30.0000,376.7845,242.3709,64.3261,86.1843,106.6562,242.3709,2.6964,2.3674,43.9708,80.1073,11.5375,,S3c,0,975.0000,D,D: ML + EKF + NHC + map,0.7945,1258.6011,285,299,0,0,0.5151,-67.1540,0,0,0,phone_asis,,,,,,,,,val
30.0000,323.3899,305.5368,94.4794,134.2058,160.4828,305.5368,2.1543,1.2267,60.3637,80.5476,10.1134,10.2990,S3c,0,1590.0000,D,D: ML + EKF + NHC + map,0.7450,1342.3383,285,280,13,0,0.4088,-86.8128,0,0,0,phone_asis,,,,,,,,,val
30.0000,372.9973,67.8631,18.1940,24.0509,29.2552,67.8631,2.3104,2.0129,6.1072,4.2563,3.3648,14.4000,S3c,0,2340.0000,D,D: ML + EKF + NHC + map,0.8049,1242.3454,287,301,0,0,0.2669,-74.5974,0,0,0,phone_asis,,,,,,,,,val
30.0000,528.8802,160.8069,30.4052,107.1366,112.4749,160.8069,3.9921,3.5934,15.6213,28.5781,6.7516,11.1000,S3c,0,2955.0000,D,D: ML + EKF + NHC + map,0.8001,1249.7695,286,300,0,0,0.3309,-120.7105,0,0,0,phone_asis,,,,,,,,,val
30.0000,195.0372,97.4213,49.9501,74.9441,76.1947,97.4213,5.3374,4.5730,5.7828,5.6285,3.1764,8.4000,S3c,0,3645.0000,D,D: ML + EKF + NHC + map,0.7752,1290.0407,285,300,0,0,0.2162,-103.0373,0,0,0,phone_asis,,,,,,,,,val
60.0000,668.6532,211.5549,31.6390,135.1204,147.3939,219.1125,3.4065,2.6806,3.8999,1.3404,6.8619,1.4000,S3c,0,300.0000,D,D: ML + EKF + NHC + map,0.9003,1110.6910,586,601,0,0,0.3750,-55.3379,0,0,0,phone_asis,,,,,,,,,val
60.0000,757.1978,609.5094,80.4954,236.6953,296.5478,609.5094,3.3358,2.9777,51.4457,79.2677,22.3182,,S3c,0,960.0000,D,D: ML + EKF + NHC + map,0.8982,1113.3290,585,600,0,0,0.5181,-66.8404,0,0,0,phone_asis,,,,,,,,,val
60.0000,665.5684,550.4530,82.7042,283.2166,328.0501,550.4530,2.1035,1.4031,82.3504,121.5154,22.7889,16.4000,S3c,0,1590.0000,D,D: ML + EKF + NHC + map,0.9382,1065.8706,586,581,13,0,0.4088,-86.8128,0,0,0,phone_asis,,,,,,,,,val
60.0000,611.1491,76.3946,12.5002,70.6467,72.7917,102.8644,2.1264,1.6590,11.5273,4.5492,3.7080,,S3c,0,2280.0000,D,D: ML + EKF + NHC + map,0.8811,1134.9621,584,578,95,0,0.2908,-105.6315,0,0,0,phone_asis,,,,,,,,,val
60.0000,948.1185,308.7192,32.5612,166.7808,190.8230,308.7192,7.4174,6.9202,6.8715,2.2845,11.0593,,S3c,0,2910.0000,D,D: ML + EKF + NHC + map,0.9190,1088.0809,586,575,0,0,0.3606,-104.7447,0,0,0,phone_asis,,,,,,,,,val
60.0000,519.1449,470.5074,90.6312,229.0491,254.9124,470.5074,4.3270,3.6012,100.2342,101.7570,15.8389,23.4000,S3c,0,3600.0000,D,D: ML + EKF + NHC + map,0.8534,1171.8052,586,600,48,0,0.2461,-99.0741,0,0,0,phone_asis,,,,,,,,,val
120.0000,1231.5641,188.8797,15.3366,157.0803,166.5749,253.0488,5.9655,4.7861,6.1400,17.8644,5.2054,4.3990,S3c,0,300.0000,D,D: ML + EKF + NHC + map,1.0931,914.7949,1186,1201,0,0,0.3750,-55.3379,0,0,0,phone_asis,,,,,,,,,val
120.0000,2013.9329,2225.8045,110.5203,713.1392,930.3794,2225.8045,6.6220,4.9265,84.4281,151.9130,64.8297,,S3c,0,960.0000,D,D: ML + EKF + NHC + map,1.2020,831.9493,1184,1199,0,0,0.5181,-66.8404,0,0,0,phone_asis,,,,,,,,,val
120.0000,1146.5859,535.2863,46.6852,410.5382,460.5471,729.9161,4.0096,3.0393,91.9449,153.3412,19.8236,,S3c,0,1620.0000,D,D: ML + EKF + NHC + map,1.1835,844.9256,1186,1130,0,0,0.4318,-96.5314,0,0,0,phone_asis,,,,,,,,,val
120.0000,1194.9070,310.0185,25.9450,184.3287,219.4741,316.2265,4.3387,3.1476,7.4012,20.2429,11.8813,,S3c,0,2220.0000,D,D: ML + EKF + NHC + map,1.1353,880.8579,1183,1178,166,0,0.3288,-113.6601,0,0,0,phone_asis,,,,,,,,,val
120.0000,1681.1988,360.4058,21.4374,171.5389,219.3383,360.4058,6.6133,5.6857,5.3422,2.5946,12.4205,,S3c,0,2880.0000,D,D: ML + EKF + NHC + map,1.0355,965.6777,1186,1160,0,0,0.4148,-89.7478,0,0,0,phone_asis,,,,,,,,,val
120.0000,839.0200,180.2639,21.4851,189.5887,227.5654,332.0539,5.2126,3.9326,77.6767,67.4701,5.9186,5.3000,S3c,0,3540.0000,D,D: ML + EKF + NHC + map,1.1287,886.0027,1187,1174,41,0,0.3196,-131.1233,0,0,0,phone_asis,,,,,,,,,val
30.0000,134.3178,4.3696,3.2531,9.3433,9.8617,15.5716,1.7674,1.4774,9.9743,2.6999,2.2028,0.0000,Vta16,0,315.0000,D,D: ML + EKF + NHC + map,0.8125,1230.7624,285,270,0,0,0.0721,-109.7960,0,0,0,phone_asis,,,,,,,,,val
30.0000,250.9996,318.6715,126.9609,152.7325,173.8929,318.6715,2.2313,1.9326,74.9860,95.2201,13.1609,,Vta16,0,495.0000,D,D: ML + EKF + NHC + map,0.8462,1181.7662,285,287,0,0,0.1662,94.1845,0,0,0,phone_asis,,,,,,,,,val
30.0000,484.6937,249.6672,51.5103,201.8413,206.0367,251.2442,6.2584,5.8871,12.7850,3.0384,10.0851,,Vta16,0,630.0000,D,D: ML + EKF + NHC + map,0.7666,1304.4484,286,287,0,0,0.1089,87.5909,0,0,0,phone_asis,,,,,,,,,val
30.0000,478.4390,116.6053,24.3720,87.1379,87.5397,116.6053,2.6293,2.2679,9.6593,33.2716,4.5745,28.1000,Vta16,0,780.0000,D,D: ML + EKF + NHC + map,0.7472,1338.3614,285,292,0,0,0.0913,65.3252,0,0,0,phone_asis,,,,,,,,,val
30.0000,452.7418,301.9046,66.6836,148.1153,171.1465,301.9046,10.8985,10.6246,39.3814,52.7382,12.0201,,Vta16,0,930.0000,D,D: ML + EKF + NHC + map,0.8021,1246.7091,286,273,0,0,0.1263,89.1687,0,0,0,phone_asis,,,,,,,,,val
30.0000,319.6200,78.8056,24.6560,25.8305,31.8327,78.8056,4.8729,3.9010,27.6070,83.2154,4.8255,,Vta16,0,1065.0000,D,D: ML + EKF + NHC + map,0.7843,1275.0675,285,241,22,0,0.0712,-175.3083,0,0,0,phone_asis,,,,,,,,,val
60.0000,310.3378,78.1941,25.1965,23.4913,28.1463,78.1941,2.2303,1.7212,13.0883,16.2863,1.8319,12.0990,Vta16,0,300.0000,D,D: ML + EKF + NHC + map,0.8720,1146.7999,585,565,0,0,0.0675,-91.5748,0,0,0,phone_asis,,,,,,,,,val
60.0000,387.7785,162.6934,41.9552,108.2101,114.1292,162.6934,5.0139,3.6667,36.1640,54.8426,6.0425,4.1000,Vta16,0,450.0000,D,D: ML + EKF + NHC + map,0.8934,1119.2799,586,556,0,0,0.0749,-148.1569,0,0,0,phone_asis,,,,,,,,,val
60.0000,946.8757,336.0318,35.4885,225.1455,238.5685,336.0318,7.0574,6.5597,8.2098,36.9326,13.6178,,Vta16,0,600.0000,D,D: ML + EKF + NHC + map,0.8776,1139.4189,586,575,0,0,0.1038,96.3272,0,0,0,phone_asis,,,,,,,,,val
60.0000,924.7404,527.7062,57.0653,285.4313,306.4168,527.7062,3.0457,2.4393,30.3390,47.0390,18.3577,,Vta16,0,720.0000,D,D: ML + EKF + NHC + map,0.8572,1166.6064,585,583,0,0,0.1405,77.5551,0,0,0,phone_asis,,,,,,,,,val
60.0000,724.0586,70.5777,9.7475,150.9181,156.2129,190.5131,6.3997,4.9431,16.0899,78.2593,4.8143,,Vta16,0,870.0000,D,D: ML + EKF + NHC + map,0.8857,1129.0127,585,525,0,0,0.0887,58.5492,0,0,0,phone_asis,,,,,,,,,val
60.0000,703.5992,125.6558,17.8590,75.1005,86.8546,146.2209,3.9712,3.5759,10.2249,27.5035,5.0902,,Vta16,0,1020.0000,D,D: ML + EKF + NHC + map,0.9191,1087.9657,585,515,75,0,0.0899,150.8163,0,0,0,phone_asis,,,,,,,,,val
120.0000,482.4017,68.7341,14.2483,54.2146,66.1086,156.7957,3.6558,2.2551,18.9943,30.8916,2.7830,13.1000,Vta16,0,300.0000,D,D: ML + EKF + NHC + map,1.1001,908.9964,1185,1101,0,0,0.0675,-91.5748,0,0,0,phone_asis,,,,,,,,,val
120.0000,777.1058,226.7640,29.1806,66.2237,90.0948,230.2233,4.1621,3.2456,22.6043,46.4278,7.5858,,Vta16,0,420.0000,D,D: ML + EKF + NHC + map,1.1228,890.6258,1185,1112,0,0,0.0977,-116.2512,0,0,0,phone_asis,,,,,,,,,val
120.0000,1767.7630,1048.3298,59.3026,449.3531,512.7778,1048.3298,8.6417,7.8200,37.5762,99.9296,32.3046,,Vta16,0,540.0000,D,D: ML + EKF + NHC + map,1.1615,860.9593,1186,1167,0,0,0.1192,79.5584,0,0,0,phone_asis,,,,,,,,,val
120.0000,1759.3129,1487.1059,84.5277,658.9779,798.2449,1508.9319,3.7496,3.0114,59.2226,143.0424,49.9650,,Vta16,0,720.0000,D,D: ML + EKF + NHC + map,1.1645,858.7491,1185,1141,0,0,0.1405,77.5551,0,0,0,phone_asis,,,,,,,,,val
120.0000,1349.2278,464.1955,34.4045,89.2758,132.4339,464.1955,5.9436,4.4609,32.2388,97.0169,19.4073,,Vta16,0,840.0000,D,D: ML + EKF + NHC + map,1.0686,935.7821,1185,1083,0,0,0.0687,63.2073,0,0,0,phone_asis,,,,,,,,,val
120.0000,1573.1280,637.0436,40.4953,361.3062,394.2035,637.0436,3.3126,2.4114,25.9028,67.4622,21.0713,,Vta16,0,960.0000,D,D: ML + EKF + NHC + map,1.1151,896.7651,1185,1029,9,0,0.1164,85.6626,0,0,0,phone_asis,,,,,,,,,val
30.0000,625.5132,164.8014,26.3466,99.9089,106.1017,164.8014,2.8486,2.3104,10.1626,17.1685,7.5709,,Vfa01,0,300.0000,D,D: ML + EKF + NHC + map,0.8093,1235.7029,285,293,40,0,0.3808,91.1739,0,0,0,phone_asis,,,,,,,,,val
30.0000,587.9765,191.1525,32.5102,216.5691,216.9237,236.0630,2.3695,1.9469,3.7907,1.0819,6.8329,15.3010,Vfa01,0,450.0000,D,D: ML + EKF + NHC + map,0.8496,1177.0534,285,276,9,0,0.2648,98.8355,0,0,0,phone_asis,,,,,,,,,val
30.0000,760.8882,144.7589,19.0250,54.6966,68.0652,144.7589,2.9115,2.3883,7.1498,0.6475,8.1980,,Vfa01,0,615.0000,D,D: ML + EKF + NHC + map,0.7824,1278.0880,285,244,0,0,0.3402,97.2204,0,0,0,phone_asis,,,,,,,,,val
30.0000,495.2327,160.9550,32.5009,76.3535,91.9858,160.9550,4.8021,3.6585,18.9051,26.7954,6.9565,,Vfa01,0,750.0000,D,D: ML + EKF + NHC + map,0.8162,1225.1533,285,295,0,0,0.3865,91.9120,1,0,0,phone_asis,,,,,,,,,val
30.0000,384.4121,202.6256,52.7105,108.5080,119.5156,202.6256,7.0069,6.3601,26.7248,31.9249,6.4092,,Vfa01,0,900.0000,D,D: ML + EKF + NHC + map,0.7521,1329.5579,285,247,0,0,0.3283,90.5205,1,0,0,phone_asis,,,,,,,,,val
30.0000,340.0709,328.9194,96.7208,137.5258,168.3398,328.9194,3.0935,2.3325,46.4616,67.8637,11.2781,6.3000,Vfa01,0,1080.0000,D,D: ML + EKF + NHC + map,0.7401,1351.0790,285,253,0,0,0.1946,74.4439,2,0,0,phone_asis,,,,,,,,,val
60.0000,1339.6855,403.3201,30.1056,189.6588,216.7263,403.3201,5.3800,4.3148,15.6743,28.6212,17.2010,,Vfa01,0,300.0000,D,D: ML + EKF + NHC + map,0.9345,1070.1115,585,592,40,0,0.3808,91.1739,0,0,0,phone_asis,,,,,,,,,val
60.0000,964.1739,248.3428,25.7571,187.7463,192.2194,248.3428,5.0078,4.2836,21.6262,54.1628,9.5595,3.0010,Vfa01,0,450.0000,D,D: ML + EKF + NHC + map,0.8546,1170.1808,585,555,9,0,0.2648,98.8355,0,0,0,phone_asis,,,,,,,,,val
60.0000,1497.4792,1087.9760,72.6538,469.4493,560.3875,1087.9760,9.2015,8.8477,45.9433,83.6144,41.8339,,Vfa01,0,600.0000,D,D: ML + EKF + NHC + map,0.9322,1072.7131,585,503,0,0,0.3365,92.6023,0,0,0,phone_asis,,,,,,,,,val
60.0000,1010.7968,337.5253,33.3920,200.0038,212.3647,337.5253,4.9482,4.0344,16.9765,19.0914,12.7234,,Vfa01,0,720.0000,D,D: ML + EKF + NHC + map,0.9063,1103.4000,585,583,0,0,0.3573,90.5664,1,0,0,phone_asis,,,,,,,,,val
60.0000,858.4063,918.1645,106.9615,450.7477,515.8362,918.1645,4.3630,3.5522,71.4546,116.4915,31.6052,,Vfa01,0,870.0000,D,D: ML + EKF + NHC + map,0.8457,1182.4161,585,518,0,0,0.3365,92.5583,1,0,0,phone_asis,,,,,,,,,val
60.0000,587.2390,583.1571,99.3049,142.0156,225.5038,583.1571,1.9334,1.6112,53.3116,118.7316,21.1463,7.2000,Vfa01,0,1050.0000,D,D: ML + EKF + NHC + map,0.8924,1120.6001,585,509,0,0,0.2228,77.6971,2,0,0,phone_asis,,,,,,,,,val
120.0000,2607.5571,746.5639,28.6308,431.0107,506.0670,780.6470,5.9317,5.3022,17.7439,11.0840,25.1906,,Vfa01,0,300.0000,D,D: ML + EKF + NHC + map,1.1231,890.4301,1185,1142,40,0,0.3808,91.1739,0,0,0,phone_asis,,,,,,,,,val
120.0000,1853.9375,496.8362,26.7990,212.9854,275.1463,529.7280,4.7265,3.7295,27.3745,119.2725,14.7439,,Vfa01,0,420.0000,D,D: ML + EKF + NHC + map,1.2539,797.5043,1185,1070,131,0,0.3472,92.6994,0,0,0,phone_asis,,,,,,,,,val
120.0000,2275.4640,1214.7788,53.3860,339.9205,450.2729,1214.7788,9.2076,8.0605,52.2546,105.9004,49.4687,,Vfa01,0,540.0000,D,D: ML + EKF + NHC + map,1.1271,887.2315,1185,1035,49,0,0.2375,98.5366,0,0,0,phone_asis,,,,,,,,,val
120.0000,1830.1519,511.0829,27.9257,325.3732,354.3921,511.0829,3.8453,2.9229,16.4050,31.0426,17.0592,,Vfa01,0,720.0000,D,D: ML + EKF + NHC + map,1.0626,941.0971,1185,1157,0,0,0.3573,90.5664,1,0,0,phone_asis,,,,,,,,,val
120.0000,1627.3294,152.0423,9.3431,215.2646,221.4817,294.5994,6.2508,5.0997,11.4608,21.0920,5.5945,27.0010,Vfa01,0,840.0000,D,D: ML + EKF + NHC + map,1.0318,969.2094,1185,1026,0,0,0.3593,90.1878,2,0,0,phone_asis,,,,,,,,,val
120.0000,825.7010,7.7843,0.9428,127.2304,135.7023,172.2225,2.6259,1.9827,14.8449,4.7834,3.5195,,Vfa01,0,960.0000,D,D: ML + EKF + NHC + map,1.1732,852.3504,1186,1083,0,0,0.2763,86.5204,0,0,0,phone_asis,,,,,,,,,val
30.0000,394.1462,95.1782,24.1479,38.5040,46.7526,95.1782,3.4733,3.3188,3.1621,3.5988,4.4683,,S1,0,300.0000,D,D: ML + EKF + NHC + map,0.7471,1338.5342,286,300,57,0,0.4282,67.8254,0,0,0,phone_asis,,,,,,,,,test
30.0000,118.3173,41.9210,35.4310,17.0452,19.7736,41.9210,2.5973,1.9345,12.9585,16.4556,3.2981,,S1,0,1185.0000,D,D: ML + EKF + NHC + map,0.7381,1354.9069,264,295,0,0,0.2353,88.0925,0,0,0,phone_asis,,,,,,,,,test
30.0000,287.8600,51.4828,17.8847,37.1885,37.7735,51.4828,4.1242,3.4117,3.9578,5.2979,3.1079,10.9990,S1,0,2145.0000,D,D: ML + EKF + NHC + map,0.7847,1274.3521,286,300,0,0,0.3428,49.4359,0,0,0,phone_asis,,,,,,,,,test
30.0000,162.7101,19.6101,12.0522,7.8543,9.3095,19.6101,0.8821,0.8031,6.8058,14.6987,1.9106,23.3990,S1,0,3060.0000,D,D: ML + EKF + NHC + map,0.7976,1253.7284,284,261,0,0,0.2934,57.9714,0,0,0,phone_asis,,,,,,,,,test
30.0000,177.0207,61.3456,34.6545,42.1390,43.3715,61.3456,2.6197,2.3741,15.9043,16.8488,2.4406,10.3990,S1,0,3960.0000,D,D: ML + EKF + NHC + map,0.7020,1424.5874,286,301,0,0,0.3044,64.1845,0,0,0,phone_asis,,,,,,,,,test
30.0000,101.9300,38.2703,37.5457,30.6234,32.4388,39.3251,2.2835,1.7697,2.3584,7.7156,1.7147,14.2990,S1,0,5055.0000,D,D: ML + EKF + NHC + map,0.7752,1289.9118,285,300,57,0,0.2272,77.2651,0,0,0,phone_asis,,,,,,,,,test
60.0000,819.6284,172.9654,21.1029,88.5805,104.5818,172.9654,2.8039,2.4488,8.2141,20.6208,6.4366,,S1,0,300.0000,D,D: ML + EKF + NHC + map,0.9887,1011.4612,586,600,117,0,0.4282,67.8254,0,0,0,phone_asis,,,,,,,,,test
60.0000,474.6477,149.9208,31.5857,82.4873,86.6544,149.9208,1.9325,1.6726,14.6977,25.8967,5.5929,17.3000,S1,0,1230.0000,D,D: ML + EKF + NHC + map,0.9238,1082.4746,586,585,0,0,0.2403,82.9465,0,0,0,phone_asis,,,,,,,,,test
60.0000,567.4469,38.5488,6.7934,58.1149,59.0659,83.0434,2.8276,2.5375,2.4487,2.6191,2.7518,5.3000,S1,0,2130.0000,D,D: ML + EKF + NHC + map,0.9041,1106.0199,585,585,0,0,0.3115,45.1746,0,0,0,phone_asis,,,,,,,,,test
60.0000,342.2292,83.8840,24.5111,30.4434,39.9095,83.8840,1.3808,1.1875,16.3370,28.6698,2.4769,6.1990,S1,0,3060.0000,D,D: ML + EKF + NHC + map,0.8388,1192.1895,585,542,0,0,0.2934,57.9714,0,0,0,phone_asis,,,,,,,,,test
60.0000,419.1626,76.0959,18.1543,57.7511,60.3509,83.2875,2.7168,2.2325,14.8119,11.3044,3.0852,7.3990,S1,0,3960.0000,D,D: ML + EKF + NHC + map,0.8730,1145.5203,586,597,0,0,0.3044,64.1845,0,0,0,phone_asis,,,,,,,,,test
60.0000,187.2536,37.7537,20.1618,14.6200,18.5363,39.0973,1.1661,0.7868,2.2917,6.4299,1.0897,,S1,0,5040.0000,D,D: ML + EKF + NHC + map,1.0353,965.8598,585,600,117,0,0.2220,74.5802,0,0,0,phone_asis,,,,,,,,,test
120.0000,1539.0428,497.3518,32.3157,190.7550,233.3811,497.3518,2.3074,1.8654,23.3407,31.9866,16.1093,,S1,0,300.0000,D,D: ML + EKF + NHC + map,1.1436,874.4437,1186,1190,205,0,0.4282,67.8254,0,0,0,phone_asis,,,,,,,,,test
120.0000,892.7171,172.3341,19.3044,104.0335,122.1148,204.2667,1.6509,1.3997,7.9143,7.1224,5.6064,5.0990,S1,0,1200.0000,D,D: ML + EKF + NHC + map,1.0461,955.9747,1186,1168,0,0,0.2336,78.4332,0,0,0,phone_asis,,,,,,,,,test
120.0000,1026.2289,1103.5699,107.5364,410.3920,532.4385,1103.5699,3.0564,2.1790,90.7634,172.7196,37.3041,14.4000,S1,0,2160.0000,D,D: ML + EKF + NHC + map,1.0655,938.5699,1185,1156,0,0,0.3646,50.5488,0,0,0,phone_asis,,,,,,,,,test
120.0000,603.5219,229.5674,38.0380,89.9338,114.2341,229.5674,1.3273,1.1002,34.5730,73.2347,7.8814,5.3990,S1,0,3060.0000,D,D: ML + EKF + NHC + map,1.0113,988.7909,1185,1101,0,0,0.2934,57.9714,0,0,0,phone_asis,,,,,,,,,test
120.0000,778.3688,324.5083,41.6908,85.0330,122.7423,324.5083,3.2109,2.4980,32.1522,75.7463,10.8307,4.3990,S1,0,4020.0000,D,D: ML + EKF + NHC + map,1.0832,923.1540,1185,1154,0,0,0.3717,78.6340,0,0,0,phone_asis,,,,,,,,,test
120.0000,750.5923,141.8587,18.8996,107.8283,108.5334,142.6314,1.2646,0.9138,7.2126,6.4481,5.1835,24.4990,S1,0,4980.0000,D,D: ML + EKF + NHC + map,1.2314,812.0758,1185,1200,237,0,0.2120,85.8501,0,0,0,phone_asis,,,,,,,,,test
30.0000,525.5802,795.5479,151.3656,458.5180,510.5329,795.5479,6.0940,3.6109,101.7552,33.9583,27.4479,15.9010,M,0,300.0000,D,D: ML + EKF + NHC + map,0.7860,1272.2930,285,300,0,0,0.8857,54.3598,0,0,0,phone_asis,,,,,,,,,test
30.0000,199.1823,72.8218,36.5604,62.3419,62.6382,74.2070,1.7406,1.3846,5.7961,13.9235,3.3188,,M,0,2175.0000,D,D: ML + EKF + NHC + map,0.7297,1370.4411,285,273,0,0,0.6112,72.8498,0,0,0,phone_asis,,,,,,,,,test
30.0000,414.8864,58.8571,14.1863,28.3975,31.2270,58.8571,1.5764,1.3884,1.4971,0.8098,3.1922,14.4000,M,0,4035.0000,D,D: ML + EKF + NHC + map,0.7659,1305.5952,285,298,57,0,0.6169,93.8440,0,0,0,phone_asis,,,,,,,,,test
30.0000,270.6088,123.5335,45.6502,52.0255,62.7533,123.5335,2.4484,1.7494,21.7485,30.4802,4.8768,8.2000,M,2,6774.1240,D,D: ML + EKF + NHC + map,0.7712,1296.7284,285,300,0,0,0.5110,60.3129,0,0,0,phone_asis,,,,,,,,,test
30.0000,216.3940,15.1268,6.9904,14.8537,15.5747,22.2962,1.7634,1.4097,1.1569,0.8516,2.9007,3.9000,M,2,8739.1240,D,D: ML + EKF + NHC + map,0.8082,1237.3541,285,300,0,0,0.6277,46.3310,0,0,0,phone_asis,,,,,,,,,test
30.0000,144.4625,47.2982,32.7408,23.5788,29.1739,47.8120,1.3126,0.9131,15.6769,25.8566,1.1129,12.2000,M,2,10524.1240,D,D: ML + EKF + NHC + map,0.8454,1182.8830,284,238,0,0,0.5275,68.9748,0,0,0,phone_asis,,,,,,,,,test
60.0000,1010.3487,1092.9000,108.1706,658.9180,709.6131,1092.9000,4.5117,2.6737,97.0447,122.1471,38.7139,,M,0,300.0000,D,D: ML + EKF + NHC + map,0.8613,1160.9719,585,600,0,0,0.8857,54.3598,0,0,0,phone_asis,,,,,,,,,test
60.0000,386.3854,72.0283,18.6416,47.9806,54.1798,73.1532,1.2288,1.0287,14.5700,1.7502,2.9689,13.1000,M,0,2130.0000,D,D: ML + EKF + NHC + map,0.9323,1072.6247,585,569,0,0,0.6173,72.5566,0,0,0,phone_asis,,,,,,,,,test
60.0000,173.8759,202.8748,116.6780,111.3558,127.1823,202.8748,0.7203,0.4992,75.1453,77.3983,7.1173,1.3000,M,0,4140.0000,D,D: ML + EKF + NHC + map,0.9069,1102.7166,584,600,0,0,0.4547,86.6071,0,0,0,phone_asis,,,,,,,,,test
60.0000,436.9120,437.8135,100.2063,234.1023,262.3954,437.8135,3.1611,2.5102,66.7086,113.3029,17.9155,25.7990,M,2,6789.1240,D,D: ML + EKF + NHC + map,0.9226,1083.9009,584,599,0,0,0.5573,58.6466,0,0,0,phone_asis,,,,,,,,,test
60.0000,545.0209,33.4466,6.1368,20.5575,22.4452,40.4569,1.2678,1.0043,6.3660,13.0582,2.6525,0.8000,M,2,8649.1240,D,D: ML + EKF + NHC + map,0.9119,1096.5611,585,552,0,0,0.5878,49.9330,0,0,0,phone_asis,,,,,,,,,test
60.0000,282.6365,55.8542,19.7619,27.5625,30.2097,55.8542,1.5249,1.0691,10.4596,18.2001,1.8466,6.4000,M,2,10479.1240,D,D: ML + EKF + NHC + map,0.9562,1045.7895,585,550,0,0,0.4880,71.5026,0,0,0,phone_asis,,,,,,,,,test
120.0000,1820.1742,1460.8988,80.2615,974.6135,1045.5221,1495.0471,4.9714,3.6886,88.6291,51.7715,48.8037,16.3010,M,0,300.0000,D,D: ML + EKF + NHC + map,1.0774,928.1801,1185,1195,40,0,0.8857,54.3598,0,0,0,phone_asis,,,,,,,,,test
120.0000,720.4282,448.1760,62.2097,194.7171,240.7762,448.1760,1.8791,1.2053,67.8016,53.9778,13.7443,19.0000,M,0,2100.0000,D,D: ML + EKF + NHC + map,1.0716,933.1608,1185,1117,0,0,0.5593,75.2390,0,0,0,phone_asis,,,,,,,,,test
120.0000,429.9772,254.3821,59.1618,182.8863,201.4373,284.1396,1.4037,0.7958,78.3105,84.5832,13.4894,,M,0,4140.0000,D,D: ML + EKF + NHC + map,1.0646,939.2777,1184,1200,0,0,0.4547,86.6071,0,0,0,phone_asis,,,,,,,,,test
120.0000,904.6886,1043.6472,115.3598,488.1193,566.4205,1043.6472,3.4081,2.8400,100.1141,102.1752,34.8761,,M,2,6789.1240,D,D: ML + EKF + NHC + map,1.0739,931.2176,1185,1199,28,0,0.5573,58.6466,0,0,0,phone_asis,,,,,,,,,test
120.0000,1014.9004,124.9254,12.3091,57.1899,67.2313,125.0465,2.5119,2.1350,4.4834,12.4048,4.5590,0.9990,M,2,8589.1240,D,D: ML + EKF + NHC + map,1.1151,896.8067,1186,1152,0,0,0.7425,58.1970,0,0,0,phone_asis,,,,,,,,,test
120.0000,1008.2964,1110.7395,110.1600,468.3793,596.7207,1131.7038,1.3107,1.0083,88.1636,158.1497,36.7204,27.2000,M,2,10389.1240,D,D: ML + EKF + NHC + map,1.1460,872.6125,1185,1183,0,0,0.6347,71.6002,0,0,0,phone_asis,,,,,,,,,test
30.0000,501.2133,148.9479,29.7175,86.5518,96.0324,148.9479,2.1189,1.4555,6.1976,12.1021,6.3092,12.9990,S3c,0,300.0000,D,D: ML + EKF + NHC + map,0.5597,1786.7750,285,300,0,0,0.3750,-55.3379,0,0,0,phone_events,29.0000,0.0000,0.0000,,0.0000,off,0.0000,0.0000,val
30.0000,376.7845,144.5573,38.3660,107.5014,111.3194,144.5573,3.5175,3.1042,0.6681,0.8216,6.3796,,S3c,0,975.0000,D,D: ML + EKF + NHC + map,0.6025,1659.8344,285,299,0,0,0.5151,-67.1540,0,0,0,phone_events,30.0000,0.0000,0.0000,,0.0000,off,0.0000,0.0000,val
30.0000,323.3899,14.5361,4.4949,24.8409,25.5787,38.8427,2.1038,1.9100,1.9179,4.0609,3.3291,10.0000,S3c,0,1590.0000,D,D: ML + EKF + NHC + map,0.6020,1661.2255,285,282,13,0,0.4088,-86.8128,0,0,0,phone_events,32.0000,0.0000,0.0000,,0.0000,off,0.0000,0.0000,val
30.0000,372.9973,84.0082,22.5225,63.3546,63.9025,84.0082,2.1650,1.8588,5.1369,4.4070,3.1073,13.9990,S3c,0,2340.0000,D,D: ML + EKF + NHC + map,0.6466,1546.4735,287,301,0,0,0.2669,-74.5974,0,0,0,phone_events,26.0000,0.0000,0.0000,,0.0000,off,0.0000,0.0000,val
30.0000,528.8802,117.5671,22.2294,48.0067,59.7507,117.5671,1.6551,1.3146,4.6998,5.7677,6.3521,10.9990,S3c,0,2955.0000,D,D: ML + EKF + NHC + map,0.5998,1667.1022,286,300,0,0,0.3309,-120.7105,0,0,0,phone_events,32.0000,0.0000,0.0000,,0.0000,off,0.0000,0.0000,val
30.0000,195.0372,838.2792,429.8049,831.9500,832.1888,882.9200,5.7422,5.0274,9.9689,25.0898,0.7958,,S3c,0,3645.0000,D,D: ML + EKF + NHC + map,0.6314,1583.8057,285,300,19,0,0.2162,-103.0373,0,0,0,phone_events,26.0000,0.0000,0.0000,,0.0000,off,0.0000,0.0000,val
60.0000,668.6532,224.8970,33.6343,142.4191,156.7040,231.8089,3.6025,2.8178,9.2895,11.4260,5.0497,9.9990,S3c,0,300.0000,D,D: ML + EKF + NHC + map,0.7227,1383.7405,586,601,0,0,0.3750,-55.3379,0,0,0,phone_events,29.0000,0.0000,0.0000,,0.0000,off,0.0000,0.0000,val
60.0000,757.1978,190.2635,25.1273,80.9788,94.9409,190.2635,5.6724,5.1997,8.4156,18.6070,7.2678,,S3c,0,960.0000,D,D: ML + EKF + NHC + map,0.7835,1276.2699,585,600,0,0,0.5181,-66.8404,0,0,0,phone_events,30.0000,0.0000,0.0000,,0.0000,off,0.0000,0.0000,val
60.0000,665.5684,84.2968,12.6654,30.1609,35.7743,84.2968,2.7737,2.4045,6.1397,18.6871,3.0484,16.0000,S3c,0,1590.0000,D,D: ML + EKF + NHC + map,0.8946,1117.8768,586,583,13,0,0.4088,-86.8128,0,0,0,phone_events,32.0000,0.0000,0.0000,,0.0000,off,0.0000,0.0000,val
60.0000,611.1491,65.7072,10.7514,46.0553,50.2598,67.4996,2.1003,1.7024,7.7519,5.8028,2.3580,,S3c,0,2280.0000,D,D: ML + EKF + NHC + map,0.7800,1282.0020,584,578,112,0,0.2908,-105.6315,0,0,0,phone_events,23.0000,0.0000,0.0000,,0.0000,off,0.0000,0.0000,val
60.0000,948.1185,272.3900,28.7295,136.7827,160.1870,272.3900,5.3978,4.6768,2.1212,0.6403,9.8524,17.0000,S3c,0,2910.0000,D,D: ML + EKF + NHC + map,0.7936,1260.1046,586,575,0,0,0.3606,-104.7447,0,0,0,phone_events,32.0000,0.0000,0.0000,,0.0000,off,0.0000,0.0000,val
60.0000,519.1449,921.9559,177.5913,924.7964,927.3509,1011.4546,4.2429,3.5255,3.5937,6.4409,1.1811,,S3c,0,3600.0000,D,D: ML + EKF + NHC + map,0.8502,1176.1559,586,594,0,0,0.2461,-99.0741,0,0,0,phone_events,26.0000,0.0000,0.0000,,0.0000,off,0.0000,0.0000,val
120.0000,1231.5641,203.7451,16.5436,166.8794,177.5153,267.3803,6.0440,4.8648,13.7135,27.7834,3.3677,21.9990,S3c,0,300.0000,D,D: ML + EKF + NHC + map,1.0924,915.3830,1186,1201,0,0,0.3750,-55.3379,0,0,0,phone_events,29.0000,0.0000,0.0000,,0.0000,off,0.0000,0.0000,val
120.0000,2013.9329,895.7038,44.4754,256.3025,347.4548,895.7038,9.3586,7.7471,21.1011,43.6306,9.8110,,S3c,0,960.0000,D,D: ML + EKF + NHC + map,0.9324,1072.5047,1184,1199,0,0,0.5181,-66.8404,0,0,0,phone_events,30.0000,0.0000,0.0000,,0.0000,off,0.0000,0.0000,val
120.0000,1146.5859,218.5715,19.0628,177.2737,194.9017,296.3241,3.9586,2.9966,42.7874,77.8893,8.7055,15.9990,S3c,0,1620.0000,D,D: ML + EKF + NHC + map,0.9817,1018.6275,1186,1130,0,0,0.4318,-96.5314,0,0,0,phone_events,32.0000,0.0000,0.0000,,0.0000,off,0.0000,0.0000,val
120.0000,1194.9070,270.0717,22.6019,160.9759,188.1493,272.2149,5.1034,3.8359,5.9959,17.2313,11.4839,25.9990,S3c,0,2220.0000,D,D: ML + EKF + NHC + map,1.0154,984.8447,1184,1178,166,0,0.3288,-113.6601,0,0,0,phone_events,23.0000,0.0000,0.0000,,0.0000,off,0.0000,0.0000,val
120.0000,1681.1988,390.5117,23.2282,190.3846,224.9165,390.5117,5.7075,4.3979,1.9037,1.1552,12.2050,22.9990,S3c,0,2880.0000,D,D: ML + EKF + NHC + map,0.9348,1069.8018,1180,1160,0,0,0.4148,-89.7478,0,0,0,phone_events,33.0000,0.0000,0.0000,,0.0000,off,0.0000,0.0000,val
120.0000,839.0200,93.8868,11.1901,82.8737,97.4286,219.5152,4.8849,3.6907,9.6079,17.5709,3.5877,23.0000,S3c,0,3540.0000,D,D: ML + EKF + NHC + map,0.9989,1001.1223,1187,1172,58,0,0.3196,-131.1233,0,0,0,phone_events,28.0000,0.0000,0.0000,,0.0000,off,0.0000,0.0000,val
30.0000,134.3178,6.5446,4.8725,10.1373,12.3030,28.3450,2.1688,1.8214,10.8445,2.1446,2.2319,,Vta16,0,315.0000,D,D: ML + EKF + NHC + map,0.6423,1556.8299,285,270,0,0,0.0721,-109.7960,0,0,0,phone_events,32.0000,0.0000,0.0000,,0.0000,off,0.0000,0.0000,val
30.0000,250.9996,154.4950,61.5519,86.0726,98.7099,154.5135,6.4514,6.0939,9.9237,0.7821,8.0299,,Vta16,0,495.0000,D,D: ML + EKF + NHC + map,0.6099,1639.5351,285,288,0,0,0.1662,94.1845,0,0,0,phone_events,29.0000,0.0000,0.0000,,0.0000,off,0.0000,0.0000,val
30.0000,484.6937,373.2550,77.0084,200.9693,214.6812,373.2550,10.4347,10.0786,49.1631,94.1200,1.5764,,Vta16,0,630.0000,D,D: ML + EKF + NHC + map,0.6019,1661.4673,286,281,0,0,0.1089,87.5909,0,0,0,phone_events,29.0000,0.0000,0.0000,,0.0000,off,0.0000,0.0000,val
30.0000,478.4390,95.5572,19.9727,36.9593,43.2637,95.5572,2.9414,2.7583,9.6803,30.4589,3.9426,27.7000,Vta16,0,780.0000,D,D: ML + EKF + NHC + map,0.6558,1524.9447,285,292,0,0,0.0913,65.3252,0,0,0,phone_events,32.0000,0.0000,0.0000,,0.0000,off,0.0000,0.0000,val
30.0000,452.7418,436.2860,96.3653,199.3199,232.4007,436.2860,11.9526,11.7626,68.6070,94.3950,1.8641,,Vta16,0,930.0000,D,D: ML + EKF + NHC + map,0.6670,1499.2533,286,273,0,0,0.1263,89.1687,0,0,0,phone_events,32.0000,0.0000,0.0000,,0.0000,off,0.0000,0.0000,val
30.0000,319.6200,76.7281,24.0060,89.1822,96.1670,154.0435,5.3398,4.4256,67.3045,167.5978,9.5919,,Vta16,0,1065.0000,D,D: ML + EKF + NHC + map,0.6302,1586.8892,285,242,0,0,0.0712,-175.3083,0,0,0,phone_events,32.0000,0.0000,0.0000,,0.0000,off,0.0000,0.0000,val
60.0000,310.3378,67.8353,21.8585,33.4791,38.7858,67.8353,2.2633,1.8398,17.8259,20.8820,2.3772,,Vta16,0,300.0000,D,D: ML + EKF + NHC + map,0.7730,1293.7233,585,565,0,0,0.0675,-91.5748,0,0,0,phone_events,32.0000,0.0000,0.0000,,0.0000,off,0.0000,0.0000,val
60.0000,387.7785,280.3064,72.2852,106.6032,127.6059,280.3064,4.4819,3.4543,52.0378,76.4686,10.7422,12.7000,Vta16,0,450.0000,D,D: ML + EKF + NHC + map,0.8036,1244.3841,586,559,0,0,0.0749,-148.1569,0,0,0,phone_events,29.0000,0.0000,0.0000,,0.0000,off,0.0000,0.0000,val
60.0000,946.8757,548.6732,57.9456,246.9964,275.0896,548.6732,9.0513,8.6723,35.4490,102.9372,2.9972,,Vta16,0,600.0000,D,D: ML + EKF + NHC + map,0.8167,1224.3915,586,575,0,0,0.1038,96.3272,0,0,0,phone_events,29.0000,0.0000,0.0000,,0.0000,off,0.0000,0.0000,val
60.0000,924.7404,990.3075,107.0903,500.8939,568.6278,990.3075,3.2790,3.0379,62.7197,68.3966,5.9609,,Vta16,0,720.0000,D,D: ML + EKF + NHC + map,0.7717,1295.7698,585,583,0,0,0.1405,77.5551,0,0,0,phone_events,32.0000,0.0000,0.0000,,0.0000,off,0.0000,0.0000,val
60.0000,724.0586,160.5501,22.1736,131.7655,140.8872,184.4456,4.4812,3.6262,18.2927,49.3300,6.1536,16.7000,Vta16,0,870.0000,D,D: ML + EKF + NHC + map,0.7433,1345.3538,585,523,0,0,0.0887,58.5492,0,0,0,phone_events,31.0000,0.0000,0.0000,,0.0000,off,0.0000,0.0000,val
60.0000,703.5992,509.1593,72.3650,217.4460,267.1072,509.1593,3.1802,2.6258,42.3700,47.0403,15.1258,19.6990,Vta16,0,1020.0000,D,D: ML + EKF + NHC + map,0.8431,1186.1405,585,515,0,0,0.0899,150.8163,0,0,0,phone_events,32.0000,0.0000,0.0000,,0.0000,off,0.0000,0.0000,val
120.0000,482.4017,160.0442,33.1765,65.0669,76.8845,172.5677,3.6614,2.3212,19.8854,32.5404,3.8135,15.7000,Vta16,0,300.0000,D,D: ML + EKF + NHC + map,0.9665,1034.6316,1185,1099,0,0,0.0675,-91.5748,0,0,0,phone_events,32.0000,0.0000,0.0000,,0.0000,off,0.0000,0.0000,val
120.0000,777.1058,469.3582,60.3982,161.5782,212.0589,469.3582,4.0190,3.3296,46.0183,93.6006,11.8254,27.6990,Vta16,0,420.0000,D,D: ML + EKF + NHC + map,0.9406,1063.1185,1185,1114,0,0,0.0977,-116.2512,0,0,0,phone_events,29.0000,0.0000,0.0000,,0.0000,off,0.0000,0.0000,val
120.0000,1767.7630,383.3240,21.6841,131.4840,154.1321,383.3240,6.0454,5.3269,15.6809,65.5205,16.8110,,Vta16,0,540.0000,D,D: ML + EKF + NHC + map,0.9529,1049.4119,1186,1168,0,0,0.1192,79.5584,0,0,0,phone_events,29.0000,0.0000,0.0000,,0.0000,off,0.0000,0.0000,val
120.0000,1759.3129,2044.2738,116.1973,1026.4644,1195.0051,2046.0734,2.7694,2.4148,80.5219,155.3661,5.2493,,Vta16,0,720.0000,D,D: ML + EKF + NHC + map,1.0070,993.0387,1185,1141,0,0,0.1405,77.5551,0,0,0,phone_events,32.0000,0.0000,0.0000,,0.0000,off,0.0000,0.0000,val
120.0000,1349.2278,519.3713,38.4940,409.5566,467.3438,686.0526,4.0932,3.2521,48.7371,33.8530,6.0718,,Vta16,0,840.0000,D,D: ML + EKF + NHC + map,0.9592,1042.5734,1185,1083,0,0,0.0687,63.2073,0,0,0,phone_events,33.0000,0.0000,0.0000,,0.0000,off,0.0000,0.0000,val
120.0000,1573.1280,1010.2051,64.2163,481.2121,541.2687,1010.2051,4.7899,4.0872,50.1356,48.5947,9.3012,,Vta16,0,960.0000,D,D: ML + EKF + NHC + map,0.9838,1016.5118,1185,1026,0,0,0.1164,85.6626,0,0,0,phone_events,31.0000,0.0000,0.0000,,0.0000,off,0.0000,0.0000,val
30.0000,625.5132,22.1943,3.5482,19.5525,24.4569,43.3352,1.7383,1.5221,5.6477,7.3618,4.7071,20.9020,Vfa01,0,300.0000,D,D: ML + EKF + NHC + map,0.6449,1550.7242,285,293,57,0,0.3808,91.1739,0,0,0,phone_events,32.0000,0.0000,0.0000,,0.0000,off,0.0000,0.0000,val
30.0000,587.9765,43.3904,7.3796,20.6839,23.8843,43.3904,2.2706,1.9942,3.3282,1.5524,6.2924,23.9010,Vfa01,0,450.0000,D,D: ML + EKF + NHC + map,0.6734,1485.0075,285,277,57,0,0.2648,98.8355,0,0,0,phone_events,33.0000,0.0000,0.0000,,0.0000,off,0.0000,0.0000,val
30.0000,760.8882,304.7174,40.0476,164.3756,179.5162,304.7174,8.9063,8.6296,5.8158,1.9782,4.3958,,Vfa01,0,615.0000,D,D: ML + EKF + NHC + map,0.6120,1634.0461,285,244,0,0,0.3402,97.2204,0,0,0,phone_events,31.0000,0.0000,0.0000,,0.0000,off,0.0000,0.0000,val
30.0000,495.2327,186.5681,37.6728,115.9638,118.3069,186.5681,6.0577,4.6700,15.6190,24.3120,9.9099,22.9010,Vfa01,0,750.0000,D,D: ML + EKF + NHC + map,0.6412,1559.6587,285,295,0,0,0.3865,91.9120,1,0,0,phone_events,31.0000,0.0000,0.0000,,0.0000,off,0.0000,0.0000,val
30.0000,384.4121,64.2614,16.7168,51.4536,51.8472,64.2614,5.5287,4.6797,7.2082,13.3261,2.0555,11.9010,Vfa01,0,900.0000,D,D: ML + EKF + NHC + map,0.6006,1665.0266,285,248,0,0,0.3283,90.5205,1,0,0,phone_events,32.0000,0.0000,0.0000,,0.0000,off,0.0000,0.0000,val
30.0000,340.0709,450.7901,132.5577,192.5214,235.5382,450.7901,3.8682,3.3944,66.8501,88.5448,1.4969,,Vfa01,0,1080.0000,D,D: ML + EKF + NHC + map,0.6638,1506.5198,285,253,0,0,0.1946,74.4439,2,0,0,phone_events,29.0000,0.0000,0.0000,,0.0000,off,0.0000,0.0000,val
60.0000,1339.6855,70.6619,5.2745,40.1351,49.0925,92.7923,3.2513,2.5913,6.8474,4.5648,5.9711,17.9010,Vfa01,0,300.0000,D,D: ML + EKF + NHC + map,0.9175,1089.8665,585,591,117,0,0.3808,91.1739,0,0,0,phone_events,32.0000,0.0000,0.0000,,0.0000,off,0.0000,0.0000,val
60.0000,964.1739,258.4967,26.8102,67.4948,95.3333,258.4967,3.9120,3.4855,18.4418,42.7468,11.7454,,Vfa01,0,450.0000,D,D: ML + EKF + NHC + map,0.8085,1236.8618,585,557,72,0,0.2648,98.8355,0,0,0,phone_events,33.0000,0.0000,0.0000,,0.0000,off,0.0000,0.0000,val
60.0000,1497.4792,514.4225,34.3526,252.3774,288.0699,514.4225,8.6099,8.1225,7.4727,1.5992,4.0505,,Vfa01,0,600.0000,D,D: ML + EKF + NHC + map,0.8789,1137.8405,585,509,0,0,0.3365,92.6023,0,0,0,phone_events,31.0000,0.0000,0.0000,,0.0000,off,0.0000,0.0000,val
60.0000,1010.7968,150.1828,14.8579,77.3187,82.1166,150.1828,5.9094,4.5768,11.3977,9.9573,7.8731,22.9010,Vfa01,0,720.0000,D,D: ML + EKF + NHC + map,0.7576,1319.9948,585,581,0,0,0.3573,90.5664,1,0,0,phone_events,31.0000,0.0000,0.0000,,0.0000,off,0.0000,0.0000,val
60.0000,858.4063,251.4962,29.2980,99.5793,121.2001,251.4962,4.1076,3.3505,19.2452,38.4771,6.9445,11.9010,Vfa01,0,870.0000,D,D: ML + EKF + NHC + map,0.7463,1339.9744,585,516,0,0,0.3365,92.5583,1,0,0,phone_events,32.0000,0.0000,0.0000,,0.0000,off,0.0000,0.0000,val
60.0000,587.2390,282.3090,48.0739,85.9110,108.9401,282.3090,2.1053,1.8513,30.8302,67.9703,7.9069,9.9040,Vfa01,0,1050.0000,D,D: ML + EKF + NHC + map,0.7204,1388.1533,585,508,0,0,0.2228,77.6971,2,0,0,phone_events,29.0000,0.0000,0.0000,,0.0000,off,0.0000,0.0000,val
120.0000,2607.5571,234.0636,8.9764,111.9929,139.2927,242.8719,3.2190,2.7546,9.0977,18.4956,20.2743,12.2000,Vfa01,0,300.0000,D,D: ML + EKF + NHC + map,0.9672,1033.9367,1185,1141,167,0,0.3808,91.1739,0,0,0,phone_events,32.0000,0.0000,0.0000,,0.0000,off,0.0000,0.0000,val
120.0000,1853.9375,452.9113,24.4297,188.2486,249.8425,482.9051,4.4039,3.6774,24.2143,130.3239,10.9249,28.9020,Vfa01,0,420.0000,D,D: ML + EKF + NHC + map,0.9539,1048.3676,1185,1072,131,0,0.3472,92.6994,0,0,0,phone_events,32.0000,0.0000,0.0000,,0.0000,off,0.0000,0.0000,val
120.0000,2275.4640,1789.0633,78.6241,666.2787,862.0052,1802.2769,10.7202,9.4386,55.2352,69.1113,2.5163,,Vfa01,0,540.0000,D,D: ML + EKF + NHC + map,1.0078,992.2259,1185,1036,67,0,0.2375,98.5366,0,0,0,phone_events,32.0000,0.0000,0.0000,,0.0000,off,0.0000,0.0000,val
120.0000,1830.1519,200.9349,10.9791,152.5442,173.4989,291.2735,4.6661,3.6082,9.0736,6.2182,8.9403,29.9000,Vfa01,0,720.0000,D,D: ML + EKF + NHC + map,0.9174,1089.9872,1185,1153,0,0,0.3573,90.5664,1,0,0,phone_events,31.0000,0.0000,0.0000,,0.0000,off,0.0000,0.0000,val
120.0000,1627.3294,105.8890,6.5069,83.6676,90.2791,125.3350,4.0797,3.6121,7.2951,8.8382,1.6595,17.9010,Vfa01,0,840.0000,D,D: ML + EKF + NHC + map,0.9509,1051.6239,1185,1027,0,0,0.3593,90.1878,2,0,0,phone_events,31.0000,0.0000,0.0000,,0.0000,off,0.0000,0.0000,val
120.0000,825.7010,127.1051,15.3936,30.3269,44.7567,127.1051,1.7524,1.3449,13.6796,1.1322,4.1538,12.9010,Vfa01,0,960.0000,D,D: ML + EKF + NHC + map,0.9484,1054.4150,1186,1082,0,0,0.2763,86.5204,0,0,0,phone_events,32.0000,0.0000,0.0000,,0.0000,off,0.0000,0.0000,val
30.0000,394.1462,178.4980,45.2873,93.0007,104.8110,178.4980,6.5638,5.4976,4.8410,7.7765,10.2492,27.8990,S1,0,300.0000,D,D: ML + EKF + NHC + map,0.5906,1693.2252,286,300,58,0,0.4282,67.8254,0,0,0,phone_events,26.0000,0.0000,0.0000,,0.0000,off,0.0000,0.0000,test
30.0000,118.3173,32.1235,27.1503,11.6796,14.3768,32.1235,1.1390,0.9019,12.2209,14.9172,2.1845,11.0010,S1,0,1185.0000,D,D: ML + EKF + NHC + map,0.5737,1742.9567,284,295,0,0,0.2353,88.0925,0,0,0,phone_events,30.0000,0.0000,0.0000,,0.0000,off,0.0000,0.0000,test
30.0000,287.8600,58.9545,20.4803,44.6311,44.9550,58.9545,3.7025,3.3049,3.6799,6.0213,2.3062,19.9000,S1,0,2145.0000,D,D: ML + EKF + NHC + map,0.6480,1543.2461,286,300,0,0,0.3428,49.4359,0,0,0,phone_events,32.0000,0.0000,0.0000,,0.0000,off,0.0000,0.0000,test
30.0000,162.7101,13.3697,8.2169,5.0839,6.0808,13.3697,0.8807,0.7232,3.4809,8.9494,0.9793,,S1,0,3060.0000,D,D: ML + EKF + NHC + map,0.6806,1469.2845,284,260,0,0,0.2934,57.9714,0,0,0,phone_events,33.0000,0.0000,0.0000,,0.0000,off,0.0000,0.0000,test
30.0000,177.0207,52.5544,29.6883,19.9338,25.4313,52.5544,2.8556,2.3967,10.0599,15.6768,3.6061,18.9990,S1,0,3960.0000,D,D: ML + EKF + NHC + map,0.6501,1538.1347,286,301,0,0,0.3044,64.1845,0,0,0,phone_events,32.0000,0.0000,0.0000,,0.0000,off,0.0000,0.0000,test
30.0000,101.9300,34.0295,33.3851,41.4809,43.2548,90.1560,1.5121,1.0508,2.9624,8.9521,0.8078,,S1,0,5055.0000,D,D: ML + EKF + NHC + map,0.8405,1189.7044,285,300,57,0,0.2272,77.2651,0,0,0,phone_events,23.0000,0.0000,0.0000,,0.0000,off,0.0000,0.0000,test
60.0000,819.6284,248.6979,30.3428,162.2350,180.3681,258.2316,6.7279,6.1171,11.3762,32.7557,9.3536,15.9990,S1,0,300.0000,D,D: ML + EKF + NHC + map,0.8027,1245.8115,586,600,118,0,0.4282,67.8254,0,0,0,phone_events,26.0000,0.0000,0.0000,,0.0000,off,0.0000,0.0000,test
60.0000,474.6477,24.6930,5.2024,38.4065,39.3123,53.6326,2.3048,1.8644,5.5115,16.9701,1.3575,16.8990,S1,0,1230.0000,D,D: ML + EKF + NHC + map,0.8754,1142.3803,586,584,0,0,0.2403,82.9465,0,0,0,phone_events,31.0000,0.0000,0.0000,,0.0000,off,0.0000,0.0000,test
60.0000,567.4469,272.5949,48.0388,140.6370,159.1419,272.5949,2.6920,2.3247,25.7185,39.0547,6.1386,13.9990,S1,0,2130.0000,D,D: ML + EKF + NHC + map,0.7237,1381.7194,585,583,0,0,0.3115,45.1746,0,0,0,phone_events,31.0000,0.0000,0.0000,,0.0000,off,0.0000,0.0000,test
60.0000,342.2292,65.0819,19.0171,21.3601,28.7959,65.0819,1.5766,1.1720,10.6539,20.8170,1.9935,20.0000,S1,0,3060.0000,D,D: ML + EKF + NHC + map,0.7091,1410.2533,585,541,0,0,0.2934,57.9714,0,0,0,phone_events,33.0000,0.0000,0.0000,,0.0000,off,0.0000,0.0000,test
60.0000,419.1626,90.7478,21.6498,42.2660,49.5984,90.7478,3.6111,2.9894,12.2283,13.8243,3.9824,16.0000,S1,0,3960.0000,D,D: ML + EKF + NHC + map,0.7452,1342.0013,586,597,0,0,0.3044,64.1845,0,0,0,phone_events,32.0000,0.0000,0.0000,,0.0000,off,0.0000,0.0000,test
60.0000,187.2536,39.5808,21.1375,15.7767,18.8655,41.2924,1.7529,1.2052,1.5939,5.3896,1.9721,,S1,0,5040.0000,D,D: ML + EKF + NHC + map,0.8243,1213.1446,585,600,117,0,0.2220,74.5802,0,0,0,phone_events,23.0000,0.0000,0.0000,,0.0000,off,0.0000,0.0000,test
120.0000,1539.0428,910.9303,59.1881,318.9113,389.2948,910.9303,5.5159,4.8706,40.5879,89.9307,1.3405,,S1,0,300.0000,D,D: ML + EKF + NHC + map,0.9610,1040.5339,1186,1191,135,0,0.4282,67.8254,0,0,0,phone_events,26.0000,0.0000,0.0000,,0.0000,off,0.0000,0.0000,test
120.0000,892.7171,391.9558,43.9059,185.1615,226.7699,391.9558,1.6895,1.3964,22.5954,24.1532,10.9840,14.0000,S1,0,1200.0000,D,D: ML + EKF + NHC + map,1.0115,988.6134,1186,1170,0,0,0.2336,78.4332,0,0,0,phone_events,32.0000,0.0000,0.0000,,0.0000,off,0.0000,0.0000,test
120.0000,1026.2289,535.8961,52.2199,172.9015,236.9680,535.8961,3.0816,2.6364,28.5564,63.2393,12.0114,13.9990,S1,0,2160.0000,D,D: ML + EKF + NHC + map,0.9515,1050.9564,1185,1156,0,0,0.3646,50.5488,0,0,0,phone_events,33.0000,0.0000,0.0000,,0.0000,off,0.0000,0.0000,test
120.0000,603.5219,178.8231,29.6299,69.5407,89.7237,178.8231,1.5113,1.0838,25.0602,50.6129,4.2045,,S1,0,3060.0000,D,D: ML + EKF + NHC + map,0.9659,1035.3228,1185,1100,0,0,0.2934,57.9714,0,0,0,phone_events,33.0000,0.0000,0.0000,,0.0000,off,0.0000,0.0000,test
120.0000,778.3688,248.8846,31.9752,69.8214,97.1763,248.8846,4.8151,3.9882,25.8793,59.5946,6.7859,13.0000,S1,0,4020.0000,D,D: ML + EKF + NHC + map,0.9672,1033.8750,1185,1154,0,0,0.3717,78.6340,0,0,0,phone_events,32.0000,0.0000,0.0000,,0.0000,off,0.0000,0.0000,test
120.0000,750.5923,59.1262,7.8773,38.9956,40.4786,61.1057,1.8005,1.2897,3.7938,0.1584,0.7760,,S1,0,4980.0000,D,D: ML + EKF + NHC + map,1.1116,899.5823,1185,1200,237,0,0.2120,85.8501,0,0,0,phone_events,24.0000,0.0000,0.0000,,0.0000,off,0.0000,0.0000,test
30.0000,525.5802,268.7955,51.1426,172.8688,186.2837,268.7955,9.6985,9.4552,8.6855,19.3333,17.1049,15.9010,M,0,300.0000,D,D: ML + EKF + NHC + map,0.6099,1639.6076,285,300,0,0,0.8857,54.3598,0,0,0,phone_events,30.0000,0.0000,0.0000,,0.0000,off,0.0000,0.0000,test
30.0000,199.1823,37.0934,18.6228,23.4359,25.6164,46.1073,1.7488,1.4721,4.9304,11.5324,1.9824,,M,0,2175.0000,D,D: ML + EKF + NHC + map,0.5895,1696.3570,285,273,0,0,0.6112,72.8498,0,0,0,phone_events,28.0000,0.0000,0.0000,,0.0000,off,0.0000,0.0000,test
30.0000,414.8864,41.4552,9.9919,13.6862,17.1857,41.4552,1.1290,0.9562,1.3540,0.1212,2.1036,14.0010,M,0,4035.0000,D,D: ML + EKF + NHC + map,0.6476,1544.0942,285,298,57,0,0.6169,93.8440,0,0,0,phone_events,31.0000,0.0000,0.0000,,0.0000,off,0.0000,0.0000,test
30.0000,270.6088,64.6035,23.8734,27.4957,31.6188,65.3709,3.2469,2.4709,5.1697,0.1015,5.2696,25.7990,M,2,6774.1240,D,D: ML + EKF + NHC + map,0.7549,1324.6627,285,300,0,0,0.5110,60.3129,0,0,0,phone_events,30.0000,0.0000,0.0000,,0.0000,off,0.0000,0.0000,test
30.0000,216.3940,10.4304,4.8201,16.1113,18.2310,26.4805,1.3253,1.1056,2.0614,3.3082,1.1226,9.4990,M,2,8739.1240,D,D: ML + EKF + NHC + map,0.6497,1539.2861,285,300,0,0,0.6277,46.3310,0,0,0,phone_events,32.0000,0.0000,0.0000,,0.0000,off,0.0000,0.0000,test
30.0000,144.4625,66.9529,46.3462,72.2192,76.4451,181.9311,3.1164,2.0043,6.9556,8.8920,0.7957,,M,2,10524.1240,D,D: ML + EKF + NHC + map,0.6812,1468.0346,284,240,0,0,0.5275,68.9748,0,0,0,phone_events,31.0000,0.0000,0.0000,,0.0000,off,0.0000,0.0000,test
60.0000,1010.3487,351.4151,34.7816,242.5770,258.2551,352.0996,7.7631,7.2784,10.1512,8.7904,12.1438,12.9000,M,0,300.0000,D,D: ML + EKF + NHC + map,0.7706,1297.7244,585,600,46,0,0.8857,54.3598,0,0,0,phone_events,30.0000,0.0000,0.0000,,0.0000,off,0.0000,0.0000,test
60.0000,386.3854,62.1410,16.0826,21.1630,25.0299,62.1410,1.0620,0.8652,13.3100,27.2592,2.5456,21.9000,M,0,2130.0000,D,D: ML + EKF + NHC + map,0.7327,1364.7379,585,570,0,0,0.6173,72.5566,0,0,0,phone_events,30.0000,0.0000,0.0000,,0.0000,off,0.0000,0.0000,test
60.0000,173.8759,520.5055,299.3546,552.5004,554.7919,650.2075,2.6233,0.8432,19.3923,21.2312,4.9579,,M,0,4140.0000,D,D: ML + EKF + NHC + map,0.7417,1348.2684,584,600,0,0,0.4547,86.6071,0,0,0,phone_events,24.0000,0.0000,0.0000,,0.0000,off,0.0000,0.0000,test
60.0000,436.9120,19.7224,4.5140,23.9460,24.8583,39.1476,3.5534,2.8896,4.7773,3.8034,8.0369,25.7990,M,2,6789.1240,D,D: ML + EKF + NHC + map,0.6881,1453.2280,584,599,0,0,0.5573,58.6466,0,0,0,phone_events,30.0000,0.0000,0.0000,,0.0000,off,0.0000,0.0000,test
60.0000,545.0209,55.9975,10.2744,43.8905,45.0882,64.9145,2.4580,1.7254,5.9900,5.6454,1.4249,9.8050,M,2,8649.1240,D,D: ML + EKF + NHC + map,0.7328,1364.6604,585,552,0,0,0.5878,49.9330,0,0,0,phone_events,32.0000,0.0000,0.0000,,0.0000,off,0.0000,0.0000,test
60.0000,282.6365,42.5756,15.0637,24.5382,26.5332,42.9083,1.4112,0.9751,6.4670,10.0553,1.2578,14.7990,M,2,10479.1240,D,D: ML + EKF + NHC + map,0.7594,1316.8160,585,552,0,0,0.4880,71.5026,0,0,0,phone_events,33.0000,0.0000,0.0000,,0.0000,off,0.0000,0.0000,test
120.0000,1820.1742,235.2526,12.9247,265.8026,276.2646,354.8057,6.0705,5.1538,11.4746,11.9666,8.1606,15.9000,M,0,300.0000,D,D: ML + EKF + NHC + map,0.9760,1024.5606,1185,1200,46,0,0.8857,54.3598,0,0,0,phone_events,30.0000,0.0000,0.0000,,0.0000,off,0.0000,0.0000,test
120.0000,720.4282,4.7373,0.6576,25.3205,28.4510,48.2060,1.5626,1.2065,4.8565,1.3509,1.4261,0.0000,M,0,2100.0000,D,D: ML + EKF + NHC + map,0.9891,1011.0557,1185,1115,0,0,0.5593,75.2390,0,0,0,phone_events,30.0000,0.0000,0.0000,,0.0000,off,0.0000,0.0000,test
120.0000,429.9772,636.2314,147.9686,575.7140,578.0471,650.2075,2.2271,0.9140,22.9603,35.0030,1.9337,,M,0,4140.0000,D,D: ML + EKF + NHC + map,0.9949,1005.0981,1184,1200,87,0,0.4547,86.6071,0,0,0,phone_events,24.0000,0.0000,0.0000,,0.0000,off,0.0000,0.0000,test
120.0000,904.6886,60.3923,6.6755,43.3556,49.0847,84.4467,3.7047,3.1462,12.6587,31.8728,5.9519,10.7990,M,2,6789.1240,D,D: ML + EKF + NHC + map,1.0346,966.5693,1185,1193,68,0,0.5573,58.6466,0,0,0,phone_events,30.0000,0.0000,0.0000,,0.0000,off,0.0000,0.0000,test
120.0000,1014.9004,138.7262,13.6689,87.2169,107.2129,195.1497,2.7642,2.3738,11.3603,10.7111,4.2845,9.8050,M,2,8589.1240,D,D: ML + EKF + NHC + map,0.9162,1091.4664,1186,1152,0,0,0.7425,58.1970,0,0,0,phone_events,33.0000,0.0000,0.0000,,0.0000,off,0.0000,0.0000,test
120.0000,1008.2964,291.6617,28.9262,103.3077,144.2876,291.6617,1.2053,0.9508,19.5292,38.9060,9.7311,,M,2,10389.1240,D,D: ML + EKF + NHC + map,1.0744,930.7272,1185,1178,0,0,0.6347,71.6002,0,0,0,phone_events,33.0000,0.0000,0.0000,,0.0000,off,0.0000,0.0000,test
30.0000,501.2133,145.5204,29.0336,86.5822,96.1196,145.5204,2.1245,1.4627,6.1687,7.3819,6.2354,12.9990,S3c,0,300.0000,D,D: ML + EKF + NHC + map,0.6704,1491.7296,285,300,0,0,0.3750,-55.3379,0,0,0,phone_lag_fixed,29.0000,0.1000,0.0000,,0.1000,fixed,32.0000,0.0000,val
30.0000,376.7845,99.5190,26.4127,69.2150,74.8617,99.5190,2.0665,1.7531,3.8642,5.1701,4.5351,12.9990,S3c,0,975.0000,D,D: ML + EKF + NHC + map,0.7121,1404.3688,285,299,0,0,0.5151,-67.1540,0,0,0,phone_lag_fixed,30.0000,0.1000,0.0000,,0.1000,fixed,32.0000,1.0000,val
30.0000,323.3899,153.2689,47.3944,77.0469,85.1498,153.2689,1.9202,1.7620,15.9218,29.3422,5.6332,10.0000,S3c,0,1590.0000,D,D: ML + EKF + NHC + map,0.7469,1338.8696,285,282,18,0,0.4088,-86.8128,0,0,0,phone_lag_fixed,32.0000,0.1000,0.0000,,0.1000,fixed,36.0000,0.0000,val
30.0000,372.9973,80.9360,21.6988,58.0182,58.5833,80.9360,1.8997,1.6258,4.1497,2.6481,2.9264,14.2000,S3c,0,2340.0000,D,D: ML + EKF + NHC + map,0.6677,1497.7577,287,301,0,0,0.2669,-74.5974,0,0,0,phone_lag_fixed,26.0000,0.1000,0.0000,,0.1000,fixed,29.0000,0.0000,val
30.0000,528.8802,106.7272,20.1799,43.7401,55.1679,106.7272,2.2902,1.9169,2.6511,2.3894,4.7518,10.9990,S3c,0,2955.0000,D,D: ML + EKF + NHC + map,0.6996,1429.4422,286,300,0,0,0.3309,-120.7105,0,0,0,phone_lag_fixed,32.0000,0.1000,0.0000,,0.1000,fixed,36.0000,0.0000,val
30.0000,195.0372,907.0811,465.0812,872.5246,872.9096,912.2092,5.7515,5.0347,10.6647,28.0029,1.9838,,S3c,0,3645.0000,D,D: ML + EKF + NHC + map,0.7200,1388.8845,285,300,18,0,0.2162,-103.0373,0,0,0,phone_lag_fixed,26.0000,0.1000,0.0000,,0.1000,fixed,29.0000,0.0000,val
60.0000,668.6532,222.1546,33.2242,140.0459,153.7391,228.2910,3.6028,2.8205,5.4170,2.1833,5.2309,9.9990,S3c,0,300.0000,D,D: ML + EKF + NHC + map,0.7695,1299.4705,586,601,0,0,0.3750,-55.3379,0,0,0,phone_lag_fixed,29.0000,0.1000,0.0000,,0.1000,fixed,32.0000,1.0000,val
60.0000,757.1978,186.1554,24.5848,66.9135,83.2560,186.1554,2.4705,2.0755,12.9967,23.4548,6.5318,15.9990,S3c,0,960.0000,D,D: ML + EKF + NHC + map,0.7856,1272.8985,585,600,0,0,0.5181,-66.8404,0,0,0,phone_lag_fixed,30.0000,0.1000,0.0000,,0.1000,fixed,33.0000,0.0000,val
60.0000,665.5684,242.8256,36.4839,139.1668,155.0514,242.8256,2.5747,2.2140,24.0013,32.8553,9.7317,16.0000,S3c,0,1590.0000,D,D: ML + EKF + NHC + map,0.7255,1378.4101,586,583,18,0,0.4088,-86.8128,0,0,0,phone_lag_fixed,32.0000,0.1000,0.0000,,0.1000,fixed,35.0000,0.0000,val
60.0000,611.1491,79.1817,12.9562,53.1809,57.9705,90.0124,3.1201,2.3616,6.7464,5.9847,3.4081,17.8000,S3c,0,2280.0000,D,D: ML + EKF + NHC + map,0.8446,1183.9946,584,578,111,0,0.2908,-105.6315,0,0,0,phone_lag_fixed,23.0000,0.1000,0.0000,,0.1000,fixed,26.0000,0.0000,val
60.0000,948.1185,272.6712,28.7592,137.8861,161.2498,272.6712,5.3720,4.6292,1.9190,0.0798,9.8214,17.0000,S3c,0,2910.0000,D,D: ML + EKF + NHC + map,0.7456,1341.2437,586,575,0,0,0.3606,-104.7447,0,0,0,phone_lag_fixed,32.0000,0.1000,0.0000,,0.1000,fixed,35.0000,0.0000,val
60.0000,519.1449,908.9188,175.0800,910.4412,912.5009,987.7881,4.2258,3.5120,5.4160,7.6838,1.1768,,S3c,0,3600.0000,D,D: ML + EKF + NHC + map,0.8135,1229.3295,586,594,0,0,0.2461,-99.0741,0,0,0,phone_lag_fixed,26.0000,0.1000,0.0000,,0.1000,fixed,29.0000,0.0000,val
120.0000,1231.5641,205.3373,16.6729,165.6476,175.7188,262.1318,6.0409,4.8633,6.5327,16.5889,3.4101,13.0000,S3c,0,300.0000,D,D: ML + EKF + NHC + map,0.9576,1044.2593,1186,1201,0,0,0.3750,-55.3379,0,0,0,phone_lag_fixed,29.0000,0.1000,0.0000,,0.1000,fixed,31.0000,1.0000,val
120.0000,2013.9329,1088.9277,54.0697,286.8417,407.8074,1088.9277,5.5710,3.9268,29.8876,66.7800,23.0705,10.0000,S3c,0,960.0000,D,D: ML + EKF + NHC + map,0.9541,1048.0778,1184,1199,0,0,0.5181,-66.8404,0,0,0,phone_lag_fixed,30.0000,0.1000,0.0000,,0.1000,fixed,33.0000,1.0000,val
120.0000,1146.5859,220.0037,19.1877,178.9608,196.8079,299.1610,3.9565,2.9935,43.1781,78.6880,8.8519,,S3c,0,1620.0000,D,D: ML + EKF + NHC + map,0.9766,1023.9978,1186,1130,0,0,0.4318,-96.5314,0,0,0,phone_lag_fixed,32.0000,0.1000,0.0000,,0.1000,fixed,35.0000,0.0000,val
120.0000,1194.9070,267.3508,22.3742,158.9289,185.4980,268.8389,5.0498,3.7904,5.8820,16.9528,11.4063,,S3c,0,2220.0000,D,D: ML + EKF + NHC + map,0.9723,1028.4908,1184,1178,166,0,0.3288,-113.6601,0,0,0,phone_lag_fixed,23.0000,0.1000,0.0000,,0.1000,fixed,26.0000,0.0000,val
120.0000,1681.1988,392.5337,23.3484,191.2571,225.6229,392.5337,5.7150,4.4002,1.8335,0.5109,12.2192,22.9990,S3c,0,2880.0000,D,D: ML + EKF + NHC + map,0.9653,1035.9886,1180,1160,0,0,0.4148,-89.7478,0,0,0,phone_lag_fixed,33.0000,0.1000,0.0000,,0.1000,fixed,35.0000,1.0000,val
120.0000,839.0200,126.1501,15.0354,95.6753,112.2577,238.7172,4.8601,3.6746,13.0865,27.9245,6.8251,13.9990,S3c,0,3540.0000,D,D: ML + EKF + NHC + map,1.0432,958.5714,1187,1171,57,0,0.3196,-131.1233,0,0,0,phone_lag_fixed,28.0000,0.1000,0.0000,,0.1000,fixed,31.0000,0.0000,val
30.0000,134.3178,8.6517,6.4412,14.9919,15.6560,29.3776,1.8153,1.4964,10.4394,1.0983,2.2290,,Vta16,0,315.0000,D,D: ML + EKF + NHC + map,0.6799,1470.7000,285,270,0,0,0.0721,-109.7960,0,0,0,phone_lag_fixed,32.0000,0.1000,0.0000,,0.1000,fixed,35.0000,0.0000,val
30.0000,250.9996,154.1166,61.4011,85.8192,98.3603,154.1249,6.3989,6.0462,9.8678,0.6973,7.9930,15.7000,Vta16,0,495.0000,D,D: ML + EKF + NHC + map,0.6941,1440.6827,285,287,0,0,0.1662,94.1845,0,0,0,phone_lag_fixed,29.0000,0.1000,0.0000,,0.1000,fixed,32.0000,0.0000,val
30.0000,484.6937,376.6355,77.7059,203.2536,216.7010,376.6355,10.8658,10.5168,50.4337,95.6492,1.6124,,Vta16,0,630.0000,D,D: ML + EKF + NHC + map,0.6890,1451.4483,286,281,0,0,0.1089,87.5909,0,0,0,phone_lag_fixed,29.0000,0.1000,0.0000,,0.1000,fixed,32.0000,0.0000,val
30.0000,478.4390,90.6489,18.9468,34.7071,40.8108,90.6489,2.8869,2.7003,9.2913,29.7242,3.9401,27.7000,Vta16,0,780.0000,D,D: ML + EKF + NHC + map,0.6649,1503.9830,285,292,0,0,0.0913,65.3252,0,0,0,phone_lag_fixed,32.0000,0.1000,0.0000,,0.1000,fixed,36.0000,0.0000,val
30.0000,452.7418,315.2895,69.6400,169.1219,188.8857,315.2895,12.1161,11.9672,38.4436,45.0231,3.0159,,Vta16,0,930.0000,D,D: ML + EKF + NHC + map,0.6950,1438.8701,286,273,0,0,0.1263,89.1687,0,0,0,phone_lag_fixed,32.0000,0.1000,0.0000,,0.1000,fixed,35.0000,0.0000,val
30.0000,319.6200,47.3988,14.8297,39.2144,44.0625,79.4284,5.3582,4.3870,27.7594,84.0175,7.3556,,Vta16,0,1065.0000,D,D: ML + EKF + NHC + map,0.6190,1615.4232,285,241,17,0,0.0712,-175.3083,0,0,0,phone_lag_fixed,32.0000,0.1000,0.0000,,0.1000,fixed,34.0000,1.0000,val
60.0000,310.3378,91.7982,29.5801,37.5161,46.3590,91.7982,2.2717,1.8427,19.9857,26.3513,3.1266,,Vta16,0,300.0000,D,D: ML + EKF + NHC + map,0.8070,1239.1981,585,565,0,0,0.0675,-91.5748,0,0,0,phone_lag_fixed,32.0000,0.1000,0.0000,,0.1000,fixed,34.0000,0.0000,val
60.0000,387.7785,267.6405,69.0189,106.2043,125.8255,267.6405,4.5436,3.4217,48.9378,70.8857,10.0695,12.7000,Vta16,0,450.0000,D,D: ML + EKF + NHC + map,0.8519,1173.7859,586,559,0,0,0.0749,-148.1569,0,0,0,phone_lag_fixed,29.0000,0.1000,0.0000,,0.1000,fixed,32.0000,0.0000,val
60.0000,946.8757,524.1147,55.3520,211.1094,249.1047,524.1147,9.9795,9.6296,35.5776,104.0701,2.9296,,Vta16,0,600.0000,D,D: ML + EKF + NHC + map,0.8109,1233.2628,586,575,0,0,0.1038,96.3272,0,0,0,phone_lag_fixed,29.0000,0.1000,0.0000,,0.1000,fixed,32.0000,0.0000,val
60.0000,924.7404,1087.9685,117.6512,540.3086,616.4280,1087.9685,2.7092,2.4726,70.0226,79.5974,7.2964,,Vta16,0,720.0000,D,D: ML + EKF + NHC + map,0.8295,1205.4993,585,583,0,0,0.1405,77.5551,0,0,0,phone_lag_fixed,32.0000,0.1000,0.0000,,0.1000,fixed,35.0000,0.0000,val
60.0000,724.0586,121.4205,16.7694,115.5228,122.6892,155.7730,4.3998,3.5917,17.0584,56.0354,7.0447,16.7000,Vta16,0,870.0000,D,D: ML + EKF + NHC + map,0.8689,1150.8442,585,523,0,0,0.0887,58.5492,0,0,0,phone_lag_fixed,31.0000,0.1000,0.0000,,0.1000,fixed,34.0000,0.0000,val
60.0000,703.5992,475.5739,67.5916,196.1933,244.5575,475.5739,3.1900,2.6513,39.2577,45.4428,8.2428,28.7000,Vta16,0,1020.0000,D,D: ML + EKF + NHC + map,0.9361,1068.2352,585,514,0,0,0.0899,150.8163,0,0,0,phone_lag_fixed,32.0000,0.1000,0.0000,,0.1000,fixed,36.0000,0.0000,val
120.0000,482.4017,184.4321,38.2321,81.5666,96.8959,196.2529,3.6680,2.3212,22.9631,36.4283,4.6846,15.4000,Vta16,0,300.0000,D,D: ML + EKF + NHC + map,1.2122,824.9689,1185,1099,0,0,0.0675,-91.5748,0,0,0,phone_lag_fixed,32.0000,0.1000,0.0000,,0.1000,fixed,35.0000,0.0000,val
120.0000,777.1058,474.1019,61.0087,164.2750,215.5471,474.1019,4.0816,3.3542,46.9162,95.4925,11.4532,27.6990,Vta16,0,420.0000,D,D: ML + EKF + NHC + map,0.9379,1066.1970,1185,1114,0,0,0.0977,-116.2512,0,0,0,phone_lag_fixed,29.0000,0.1000,0.0000,,0.1000,fixed,33.0000,0.0000,val
120.0000,1767.7630,429.7876,24.3125,148.6467,172.5799,429.7876,6.0653,5.3479,16.9638,70.0787,17.9242,15.7000,Vta16,0,540.0000,D,D: ML + EKF + NHC + map,0.9964,1003.5641,1186,1168,0,0,0.1192,79.5584,0,0,0,phone_lag_fixed,29.0000,0.1000,0.0000,,0.1000,fixed,32.0000,0.0000,val
120.0000,1759.3129,2225.8725,126.5194,1126.7647,1315.4327,2228.8963,2.5431,2.2147,89.9971,128.6170,4.1128,,Vta16,0,720.0000,D,D: ML + EKF + NHC + map,1.0289,971.9404,1185,1141,0,0,0.1405,77.5551,0,0,0,phone_lag_fixed,32.0000,0.1000,0.0000,,0.1000,fixed,33.0000,1.0000,val
120.0000,1349.2278,508.4148,37.6819,404.0471,460.9910,677.1477,4.0885,3.2484,48.4639,34.9474,6.1913,,Vta16,0,840.0000,D,D: ML + EKF + NHC + map,0.9747,1025.9833,1185,1083,0,0,0.0687,63.2073,0,0,0,phone_lag_fixed,33.0000,0.1000,0.0000,,0.1000,fixed,36.0000,0.0000,val
120.0000,1573.1280,920.8949,58.5391,458.9671,512.7292,920.8949,4.7205,4.0203,41.5814,33.1660,7.1986,,Vta16,0,960.0000,D,D: ML + EKF + NHC + map,0.9167,1090.8120,1185,1028,0,0,0.1164,85.6626,0,0,0,phone_lag_fixed,31.0000,0.1000,0.0000,,0.1000,fixed,35.0000,0.0000,val
30.0000,625.5132,47.5163,7.5964,26.8926,32.7773,47.6276,1.3393,0.9274,5.3489,11.8270,6.6884,20.9020,Vfa01,0,300.0000,D,D: ML + EKF + NHC + map,0.6345,1576.1283,285,295,57,0,0.3808,91.1739,0,0,0,phone_lag_fixed,32.0000,0.1000,0.0000,,0.1000,fixed,36.0000,0.0000,val
30.0000,587.9765,42.4688,7.2229,22.0848,25.2728,42.6010,2.2241,1.9547,3.3669,1.6185,6.2166,23.9010,Vfa01,0,450.0000,D,D: ML + EKF + NHC + map,0.6987,1431.1713,285,277,57,0,0.2648,98.8355,0,0,0,phone_lag_fixed,33.0000,0.1000,0.0000,,0.1000,fixed,36.0000,0.0000,val
30.0000,760.8882,278.5791,36.6124,149.8897,160.5567,278.5791,4.6138,3.9660,6.6126,5.3983,5.9571,,Vfa01,0,615.0000,D,D: ML + EKF + NHC + map,0.6590,1517.4155,285,245,0,0,0.3402,97.2204,0,0,0,phone_lag_fixed,31.0000,0.1000,0.0000,,0.1000,fixed,33.0000,1.0000,val
30.0000,495.2327,198.4285,40.0677,137.6091,139.7523,198.4285,5.9179,4.6345,7.6726,19.2216,9.6464,13.9010,Vfa01,0,750.0000,D,D: ML + EKF + NHC + map,0.7256,1378.2415,285,295,0,0,0.3865,91.9120,1,0,0,phone_lag_fixed,31.0000,0.1000,0.0000,,0.1000,fixed,34.0000,0.0000,val
30.0000,384.4121,62.1082,16.1567,60.0952,60.3777,70.4300,5.7996,5.1036,5.7682,11.0935,2.2613,,Vfa01,0,900.0000,D,D: ML + EKF + NHC + map,0.6680,1497.0393,285,248,0,0,0.3283,90.5205,1,0,0,phone_lag_fixed,32.0000,0.1000,0.0000,,0.1000,fixed,36.0000,0.0000,val
30.0000,340.0709,457.9156,134.6530,195.8707,239.4295,457.9156,3.8587,3.3867,68.2094,90.3762,1.4943,,Vfa01,0,1080.0000,D,D: ML + EKF + NHC + map,0.6108,1637.0671,285,253,0,0,0.1946,74.4439,2,0,0,phone_lag_fixed,29.0000,0.1000,0.0000,,0.1000,fixed,32.0000,0.0000,val
60.0000,1339.6855,135.7884,10.1358,67.1437,83.4663,160.3176,4.4501,2.9845,8.2610,6.2703,8.5263,17.9010,Vfa01,0,300.0000,D,D: ML + EKF + NHC + map,0.8801,1136.2005,585,593,117,0,0.3808,91.1739,0,0,0,phone_lag_fixed,32.0000,0.1000,0.0000,,0.1000,fixed,34.0000,1.0000,val
60.0000,964.1739,257.5538,26.7124,67.6165,94.8709,257.5538,3.8149,3.3992,18.4070,42.6174,11.6620,,Vfa01,0,450.0000,D,D: ML + EKF + NHC + map,0.8432,1186.0055,585,557,72,0,0.2648,98.8355,0,0,0,phone_lag_fixed,33.0000,0.1000,0.0000,,0.1000,fixed,36.0000,0.0000,val
60.0000,1497.4792,561.9524,37.5266,286.1534,317.6012,561.9524,10.9547,10.5474,12.1592,26.8401,4.6875,,Vfa01,0,600.0000,D,D: ML + EKF + NHC + map,0.8951,1117.2546,585,504,0,0,0.3365,92.6023,0,0,0,phone_lag_fixed,31.0000,0.1000,0.0000,,0.1000,fixed,34.0000,0.0000,val
60.0000,1010.7968,334.7895,33.1213,125.3403,157.8041,334.7895,5.8432,4.5368,26.1067,41.7201,13.3403,22.9010,Vfa01,0,720.0000,D,D: ML + EKF + NHC + map,0.8417,1188.0410,585,581,0,0,0.3573,90.5664,1,0,0,phone_lag_fixed,31.0000,0.1000,0.0000,,0.1000,fixed,34.0000,0.0000,val
60.0000,858.4063,226.5656,26.3938,88.4097,107.7743,226.5656,4.1044,3.3550,17.5600,35.7847,6.2396,11.9010,Vfa01,0,870.0000,D,D: ML + EKF + NHC + map,0.7975,1253.8566,585,516,0,0,0.3365,92.5583,1,0,0,phone_lag_fixed,32.0000,0.1000,0.0000,,0.1000,fixed,36.0000,0.0000,val
60.0000,587.2390,289.9838,49.3809,87.4071,111.5614,289.9838,2.1185,1.8638,31.1755,69.3901,8.0870,9.9040,Vfa01,0,1050.0000,D,D: ML + EKF + NHC + map,0.9133,1094.9632,585,508,0,0,0.2228,77.6971,2,0,0,phone_lag_fixed,29.0000,0.1000,0.0000,,0.1000,fixed,32.0000,0.0000,val
120.0000,2607.5571,432.4962,16.5863,184.3471,230.7390,434.7226,4.7121,3.8945,10.7832,8.4110,14.0638,29.9010,Vfa01,0,300.0000,D,D: ML + EKF + NHC + map,1.0821,924.0934,1185,1143,165,0,0.3808,91.1739,0,0,0,phone_lag_fixed,32.0000,0.1000,0.0000,,0.1000,fixed,36.0000,0.0000,val
120.0000,1853.9375,428.5549,23.1159,179.9948,238.0282,461.3983,4.4791,3.7257,22.8653,136.3914,10.4202,28.9020,Vfa01,0,420.0000,D,D: ML + EKF + NHC + map,1.0166,983.6390,1185,1072,131,0,0.3472,92.6994,0,0,0,phone_lag_fixed,32.0000,0.1000,0.0000,,0.1000,fixed,34.0000,1.0000,val
120.0000,2275.4640,1783.6275,78.3852,664.9378,859.6621,1783.6275,10.7007,9.4179,55.0952,65.9073,2.5982,,Vfa01,0,540.0000,D,D: ML + EKF + NHC + map,1.0059,994.1261,1185,1036,68,0,0.2375,98.5366,0,0,0,phone_lag_fixed,32.0000,0.1000,0.0000,,0.1000,fixed,35.0000,0.0000,val
120.0000,1830.1519,937.5593,51.2285,412.2699,523.3220,937.5593,4.6194,3.5846,34.6955,60.0281,19.8347,11.9000,Vfa01,0,720.0000,D,D: ML + EKF + NHC + map,0.9150,1092.8890,1185,1155,0,0,0.3573,90.5664,1,0,0,phone_lag_fixed,31.0000,0.1000,0.0000,,0.1000,fixed,35.0000,0.0000,val
120.0000,1627.3294,105.9820,6.5126,78.2722,84.8889,122.5276,4.0621,3.5911,7.2351,9.2783,1.9068,17.9010,Vfa01,0,840.0000,D,D: ML + EKF + NHC + map,0.9504,1052.2276,1185,1027,0,0,0.3593,90.1878,2,0,0,phone_lag_fixed,31.0000,0.1000,0.0000,,0.1000,fixed,34.0000,0.0000,val
120.0000,825.7010,185.5187,22.4680,53.0466,71.2839,185.5187,1.9294,1.2135,15.5408,6.0067,6.9501,12.9010,Vfa01,0,960.0000,D,D: ML + EKF + NHC + map,0.9912,1008.8440,1186,1082,0,0,0.2763,86.5204,0,0,0,phone_lag_fixed,32.0000,0.1000,0.0000,,0.1000,fixed,35.0000,0.0000,val
30.0000,394.1462,155.4954,39.4512,70.5233,84.3319,155.4954,5.9071,5.0534,3.9034,5.1110,9.1621,27.8990,S1,0,300.0000,D,D: ML + EKF + NHC + map,0.6250,1599.9016,286,300,58,0,0.4282,67.8254,0,0,0,phone_lag_fixed,26.0000,0.1000,0.0000,,0.1000,fixed,30.0000,0.0000,test
30.0000,118.3173,28.4765,24.0679,11.1429,13.2752,28.4765,1.1717,0.9469,10.0607,12.2100,2.0576,11.0010,S1,0,1185.0000,D,D: ML + EKF + NHC + map,0.7036,1421.3080,284,295,0,0,0.2353,88.0925,0,0,0,phone_lag_fixed,30.0000,0.1000,0.0000,,0.1000,fixed,33.0000,1.0000,test
30.0000,287.8600,51.7480,17.9768,33.5798,34.0984,51.7480,3.4764,3.1649,4.0271,10.5499,1.7842,,S1,0,2145.0000,D,D: ML + EKF + NHC + map,0.6246,1600.9977,286,300,0,0,0.3428,49.4359,0,0,0,phone_lag_fixed,32.0000,0.1000,0.0000,,0.1000,fixed,36.0000,0.0000,test
30.0000,162.7101,13.6675,8.3999,5.1094,6.1798,13.6675,0.7017,0.5410,2.8350,7.0757,0.9895,,S1,0,3060.0000,D,D: ML + EKF + NHC + map,0.6220,1607.8305,284,261,0,0,0.2934,57.9714,0,0,0,phone_lag_fixed,33.0000,0.1000,0.0000,,0.1000,fixed,35.0000,1.0000,test
30.0000,177.0207,56.1400,31.7138,22.2377,27.6634,56.1400,2.8415,2.3769,11.0293,16.9396,3.6301,18.9990,S1,0,3960.0000,D,D: ML + EKF + NHC + map,0.6290,1589.7846,286,301,0,0,0.3044,64.1845,0,0,0,phone_lag_fixed,32.0000,0.1000,0.0000,,0.1000,fixed,35.0000,1.0000,test
30.0000,101.9300,33.8222,33.1818,41.1291,42.8216,88.3797,1.5027,1.0468,3.0333,8.9578,0.8140,,S1,0,5055.0000,D,D: ML + EKF + NHC + map,0.7462,1340.0358,285,300,57,0,0.2272,77.2651,0,0,0,phone_lag_fixed,23.0000,0.1000,0.0000,,0.1000,fixed,25.0000,0.0000,test
60.0000,819.6284,226.8395,27.6759,137.5561,157.1818,228.8602,5.9255,5.4212,10.2367,29.7693,8.6060,15.9990,S1,0,300.0000,D,D: ML + EKF + NHC + map,0.8549,1169.7309,586,600,118,0,0.4282,67.8254,0,0,0,phone_lag_fixed,26.0000,0.1000,0.0000,,0.1000,fixed,29.0000,0.0000,test
60.0000,474.6477,60.4195,12.7293,27.6968,29.6829,60.4195,2.0766,1.7998,8.4091,24.7153,1.5207,16.8990,S1,0,1230.0000,D,D: ML + EKF + NHC + map,0.8446,1183.9420,586,584,0,0,0.2403,82.9465,0,0,0,phone_lag_fixed,31.0000,0.1000,0.0000,,0.1000,fixed,34.0000,0.0000,test
60.0000,567.4469,270.5165,47.6726,140.5914,158.7421,270.5165,2.6933,2.3250,25.2090,38.2087,6.0950,13.9990,S1,0,2130.0000,D,D: ML + EKF + NHC + map,0.9626,1038.8604,585,583,0,0,0.3115,45.1746,0,0,0,phone_lag_fixed,31.0000,0.1000,0.0000,,0.1000,fixed,34.0000,0.0000,test
60.0000,342.2292,61.2628,17.9011,20.8264,27.8250,61.2628,1.4338,1.0738,9.1036,16.9475,1.7430,29.0000,S1,0,3060.0000,D,D: ML + EKF + NHC + map,0.9068,1102.8282,585,542,0,0,0.2934,57.9714,0,0,0,phone_lag_fixed,33.0000,0.1000,0.0000,,0.1000,fixed,37.0000,0.0000,test
60.0000,419.1626,98.4477,23.4867,46.3134,54.0480,98.4477,3.6024,2.9781,13.5023,15.6603,4.1826,16.0000,S1,0,3960.0000,D,D: ML + EKF + NHC + map,0.8935,1119.2002,586,597,0,0,0.3044,64.1845,0,0,0,phone_lag_fixed,32.0000,0.1000,0.0000,,0.1000,fixed,34.0000,1.0000,test
60.0000,187.2536,40.3021,21.5227,15.9562,19.1154,41.8579,1.7564,1.2085,1.5729,5.1018,2.1766,,S1,0,5040.0000,D,D: ML + EKF + NHC + map,0.9350,1069.5035,585,600,117,0,0.2220,74.5802,0,0,0,phone_lag_fixed,23.0000,0.1000,0.0000,,0.1000,fixed,24.0000,0.0000,test
120.0000,1539.0428,850.5590,55.2655,289.6717,360.0197,850.5590,4.7673,4.1444,37.5834,83.1072,1.3466,,S1,0,300.0000,D,D: ML + EKF + NHC + map,0.9974,1002.5849,1186,1191,136,0,0.4282,67.8254,0,0,0,phone_lag_fixed,26.0000,0.1000,0.0000,,0.1000,fixed,29.0000,1.0000,test
120.0000,892.7171,421.0596,47.1661,198.4380,242.6843,421.0596,1.6654,1.3781,24.6622,27.5372,11.5444,14.0000,S1,0,1200.0000,D,D: ML + EKF + NHC + map,0.9433,1060.1545,1186,1170,0,0,0.2336,78.4332,0,0,0,phone_lag_fixed,32.0000,0.1000,0.0000,,0.1000,fixed,35.0000,0.0000,test
120.0000,1026.2289,459.5884,44.7842,140.2418,198.3449,459.5884,3.0057,2.5336,23.1805,55.5009,11.0920,13.9990,S1,0,2160.0000,D,D: ML + EKF + NHC + map,0.9612,1040.3649,1185,1156,0,0,0.3646,50.5488,0,0,0,phone_lag_fixed,33.0000,0.1000,0.0000,,0.1000,fixed,36.0000,0.0000,test
120.0000,603.5219,166.9708,27.6661,65.0997,83.5463,166.9708,1.3862,1.0102,21.7700,43.3027,3.8512,,S1,0,3060.0000,D,D: ML + EKF + NHC + map,0.9603,1041.3347,1185,1102,0,0,0.2934,57.9714,0,0,0,phone_lag_fixed,33.0000,0.1000,0.0000,,0.1000,fixed,36.0000,0.0000,test
120.0000,778.3688,241.7976,31.0647,58.0513,86.1617,241.7976,2.3598,1.8821,21.8698,49.0153,4.7040,13.0000,S1,0,4020.0000,D,D: ML + EKF + NHC + map,0.9665,1034.6266,1185,1154,0,0,0.3717,78.6340,0,0,0,phone_lag_fixed,32.0000,0.1000,0.0000,,0.1000,fixed,35.0000,0.0000,test
120.0000,750.5923,56.9788,7.5912,37.4637,38.8824,58.5439,1.7964,1.2856,3.6856,0.4760,0.7659,,S1,0,4980.0000,D,D: ML + EKF + NHC + map,1.0670,937.1868,1185,1200,237,0,0.2120,85.8501,0,0,0,phone_lag_fixed,24.0000,0.1000,0.0000,,0.1000,fixed,25.0000,0.0000,test
30.0000,525.5802,268.1433,51.0185,171.9862,185.4992,268.1433,9.7150,9.4717,8.6718,19.1452,16.6327,15.9010,M,0,300.0000,D,D: ML + EKF + NHC + map,0.6690,1494.8697,285,300,0,0,0.8857,54.3598,0,0,0,phone_lag_fixed,30.0000,0.1000,0.0000,,0.1000,fixed,33.0000,0.0000,test
30.0000,199.1823,45.7642,22.9760,26.4638,30.5193,56.4613,2.0314,1.6603,6.6941,15.7555,2.3248,15.9010,M,0,2175.0000,D,D: ML + EKF + NHC + map,0.6957,1437.4873,285,273,0,0,0.6112,72.8498,0,0,0,phone_lag_fixed,28.0000,0.1000,0.0000,,0.1000,fixed,31.0000,0.0000,test
30.0000,414.8864,33.3951,8.0492,9.9887,12.5201,33.3951,0.8585,0.6832,1.4342,0.7821,2.0378,14.0010,M,0,4035.0000,D,D: ML + EKF + NHC + map,0.7169,1394.9844,285,298,57,0,0.6169,93.8440,0,0,0,phone_lag_fixed,31.0000,0.1000,0.0000,,0.1000,fixed,33.0000,0.0000,test
30.0000,270.6088,63.9093,23.6169,26.6537,30.8655,64.5795,3.2384,2.4615,4.8403,0.3942,5.3229,25.7990,M,2,6774.1240,D,D: ML + EKF + NHC + map,0.7036,1421.3294,285,300,0,0,0.5110,60.3129,0,0,0,phone_lag_fixed,30.0000,0.1000,0.0000,,0.1000,fixed,33.0000,0.0000,test
30.0000,216.3940,24.0560,11.1167,8.5118,10.4538,24.0560,1.6658,1.3492,1.4033,2.4913,1.1611,12.8000,M,2,8739.1240,D,D: ML + EKF + NHC + map,0.7229,1383.3488,285,300,0,0,0.6277,46.3310,0,0,0,phone_lag_fixed,32.0000,0.1000,0.0000,,0.1000,fixed,35.0000,0.0000,test
30.0000,144.4625,66.9362,46.3346,72.1323,76.3855,182.2287,3.1172,2.0062,6.8131,8.7045,0.7909,,M,2,10524.1240,D,D: ML + EKF + NHC + map,0.6964,1435.8752,284,240,0,0,0.5275,68.9748,0,0,0,phone_lag_fixed,31.0000,0.1000,0.0000,,0.1000,fixed,32.0000,0.0000,test
60.0000,1010.3487,352.1995,34.8592,242.0742,257.8926,352.6035,7.7930,7.3139,9.8537,7.7700,12.2439,12.9000,M,0,300.0000,D,D: ML + EKF + NHC + map,0.8673,1153.0037,585,600,46,0,0.8857,54.3598,0,0,0,phone_lag_fixed,30.0000,0.1000,0.0000,,0.1000,fixed,33.0000,0.0000,test
60.0000,386.3854,62.7784,16.2476,20.6913,24.9466,62.7784,1.0826,0.8842,13.1503,27.3115,2.5481,21.9000,M,0,2130.0000,D,D: ML + EKF + NHC + map,0.8754,1142.2965,585,570,0,0,0.6173,72.5566,0,0,0,phone_lag_fixed,30.0000,0.1000,0.0000,,0.1000,fixed,33.0000,0.0000,test
60.0000,173.8759,561.7154,323.0554,577.0659,578.2059,643.6664,2.4926,0.8191,17.9439,19.6555,4.5778,,M,0,4140.0000,D,D: ML + EKF + NHC + map,0.9727,1028.0303,584,600,0,0,0.4547,86.6071,0,0,0,phone_lag_fixed,24.0000,0.1000,0.0000,,0.1000,fixed,28.0000,0.0000,test
60.0000,436.9120,30.3757,6.9524,30.8338,33.0352,45.4149,3.5920,2.9362,8.9134,9.1396,1.6170,16.7990,M,2,6789.1240,D,D: ML + EKF + NHC + map,0.8948,1117.5652,584,599,0,0,0.5573,58.6466,0,0,0,phone_lag_fixed,30.0000,0.1000,0.0000,,0.1000,fixed,32.0000,1.0000,test
60.0000,545.0209,56.2467,10.3201,43.4279,44.7283,65.0583,2.4292,1.7077,6.1309,5.8847,1.4263,9.8050,M,2,8649.1240,D,D: ML + EKF + NHC + map,0.7672,1303.5187,585,552,0,0,0.5878,49.9330,0,0,0,phone_lag_fixed,32.0000,0.1000,0.0000,,0.1000,fixed,36.0000,0.0000,test
60.0000,282.6365,39.9030,14.1181,22.4337,24.4587,40.2679,1.4058,0.9724,5.9728,9.4840,1.2015,14.7990,M,2,10479.1240,D,D: ML + EKF + NHC + map,0.7700,1298.7376,585,553,0,0,0.4880,71.5026,0,0,0,phone_lag_fixed,33.0000,0.1000,0.0000,,0.1000,fixed,36.0000,0.0000,test
120.0000,1820.1742,225.3824,12.3825,266.2151,276.8947,356.4640,6.0943,5.1749,10.3692,8.8576,7.9444,25.0000,M,0,300.0000,D,D: ML + EKF + NHC + map,0.9336,1071.1573,1185,1200,46,0,0.8857,54.3598,0,0,0,phone_lag_fixed,30.0000,0.1000,0.0000,,0.1000,fixed,33.0000,0.0000,test
120.0000,720.4282,28.2368,3.9195,32.0562,35.7335,57.1057,1.6012,1.2334,5.2166,4.2885,1.6144,0.9010,M,0,2100.0000,D,D: ML + EKF + NHC + map,0.9129,1095.3978,1185,1115,0,0,0.5593,75.2390,0,0,0,phone_lag_fixed,30.0000,0.1000,0.0000,,0.1000,fixed,34.0000,0.0000,test
120.0000,429.9772,626.4690,145.6982,594.4050,595.4226,645.2931,2.1897,0.9463,21.5495,41.2571,4.9121,,M,0,4140.0000,D,D: ML + EKF + NHC + map,1.0097,990.4306,1184,1200,62,0,0.4547,86.6071,0,0,0,phone_lag_fixed,24.0000,0.1000,0.0000,,0.1000,fixed,27.0000,0.0000,test
120.0000,904.6886,86.6712,9.5802,43.7414,47.0320,86.6712,3.7096,3.1606,8.1073,12.2409,3.7778,10.7990,M,2,6789.1240,D,D: ML + EKF + NHC + map,0.9611,1040.4702,1185,1196,0,0,0.5573,58.6466,0,0,0,phone_lag_fixed,30.0000,0.1000,0.0000,,0.1000,fixed,34.0000,0.0000,test
120.0000,1014.9004,137.6062,13.5586,86.6042,106.2300,192.8982,2.7470,2.3518,11.2014,10.5387,4.2388,9.8050,M,2,8589.1240,D,D: ML + EKF + NHC + map,0.9462,1056.8631,1186,1152,0,0,0.7425,58.1970,0,0,0,phone_lag_fixed,33.0000,0.1000,0.0000,,0.1000,fixed,37.0000,0.0000,test
120.0000,1008.2964,329.2703,32.6561,118.7182,165.0407,329.2703,1.2484,0.9840,21.5670,41.3410,7.1156,26.7990,M,2,10389.1240,D,D: ML + EKF + NHC + map,1.0308,970.1433,1185,1178,0,0,0.6347,71.6002,0,0,0,phone_lag_fixed,33.0000,0.1000,0.0000,,0.1000,fixed,34.0000,1.0000,test
30.0000,501.2133,139.9697,27.9262,82.1298,91.8021,139.9697,2.1817,1.5210,5.5936,6.7884,6.0592,12.9990,S3c,0,300.0000,D,D: ML + EKF + NHC + map,0.6476,1544.1079,285,300,0,0,0.3750,-55.3379,0,0,0,phone_lag_online,29.0000,0.5000,0.7241,0.7000,0.5000,online,32.0000,0.0000,val
30.0000,376.7845,102.8724,27.3027,70.3203,77.1442,102.8724,1.8787,1.5558,1.6686,2.5129,4.4962,12.9990,S3c,0,975.0000,D,D: ML + EKF + NHC + map,0.6238,1603.1857,285,299,0,0,0.5151,-67.1540,0,0,0,phone_lag_online,30.0000,0.1000,0.5333,0.2000,0.1000,default,30.0000,1.0000,val
30.0000,323.3899,16.1563,4.9959,16.6583,17.3102,33.2157,1.5635,1.4208,2.4503,1.3541,2.6717,7.7000,S3c,0,1590.0000,D,D: ML + EKF + NHC + map,0.6159,1623.6949,285,283,18,0,0.4088,-86.8128,0,0,0,phone_lag_online,32.0000,0.6000,0.6875,0.7500,1.5000,online,36.0000,0.0000,val
30.0000,372.9973,93.5302,25.0753,50.7499,53.6748,93.5302,1.8688,1.6084,7.5136,6.8421,4.8025,13.9990,S3c,0,2340.0000,D,D: ML + EKF + NHC + map,0.7081,1412.2202,287,301,0,0,0.2669,-74.5974,0,0,0,phone_lag_online,26.0000,0.9500,0.6923,1.0000,1.3000,online,29.0000,0.0000,val
30.0000,528.8802,106.7893,20.1916,43.3482,54.6240,106.7893,1.9699,1.6234,2.6406,1.8580,5.0494,10.9990,S3c,0,2955.0000,D,D: ML + EKF + NHC + map,0.6468,1545.9575,286,300,0,0,0.3309,-120.7105,0,0,0,phone_lag_online,32.0000,0.1000,0.2812,0.0000,0.1000,default,32.0000,0.0000,val
30.0000,195.0372,74.6996,38.3002,42.0239,47.7386,75.3426,5.4358,4.6147,6.2961,10.3354,1.1513,16.9990,S3c,0,3645.0000,D,D: ML + EKF + NHC + map,0.6571,1521.9373,285,300,0,0,0.2162,-103.0373,0,0,0,phone_lag_online,26.0000,0.1000,0.3462,1.6000,0.1000,default,28.0000,0.0000,val
60.0000,668.6532,216.5568,32.3870,135.2472,149.1447,222.7004,3.6056,2.8285,5.1982,2.5540,5.0084,9.9990,S3c,0,300.0000,D,D: ML + EKF + NHC + map,0.7372,1356.4882,586,601,0,0,0.3750,-55.3379,0,0,0,phone_lag_online,29.0000,0.5000,0.7241,0.7000,0.5000,online,32.0000,1.0000,val
60.0000,757.1978,187.8937,24.8143,67.2083,83.7596,187.8937,2.4568,2.0492,13.4995,24.7010,6.5082,15.9990,S3c,0,960.0000,D,D: ML + EKF + NHC + map,0.9639,1037.4974,585,600,0,0,0.5181,-66.8404,0,0,0,phone_lag_online,30.0000,0.1000,0.5333,0.2500,0.1000,default,31.0000,0.0000,val
60.0000,665.5684,66.4756,9.9878,24.2845,28.1850,66.4756,2.2582,1.8491,4.6287,14.3223,2.5121,16.0000,S3c,0,1590.0000,D,D: ML + EKF + NHC + map,0.8815,1134.4793,586,584,18,0,0.4088,-86.8128,0,0,0,phone_lag_online,32.0000,0.6000,0.6875,0.7500,1.5000,online,35.0000,0.0000,val
60.0000,611.1491,66.1984,10.8318,44.7539,48.4259,78.3610,2.9491,2.2687,5.3936,5.6238,2.9327,25.9990,S3c,0,2280.0000,D,D: ML + EKF + NHC + map,0.9011,1109.8000,584,578,112,0,0.2908,-105.6315,0,0,0,phone_lag_online,23.0000,0.7000,0.5652,1.1000,1.3000,online,26.0000,0.0000,val
60.0000,948.1185,284.3707,29.9932,145.7609,170.1197,284.3707,5.3293,4.5715,1.7290,1.0414,10.2181,17.0000,S3c,0,2910.0000,D,D: ML + EKF + NHC + map,0.8332,1200.2365,586,575,0,0,0.3606,-104.7447,0,0,0,phone_lag_online,32.0000,0.1000,0.1875,0.3000,1.0000,online,34.0000,0.0000,val
60.0000,519.1449,1085.8277,209.1570,1159.5835,1161.8487,1313.0895,4.2539,3.7944,13.6020,19.1823,2.8011,,S3c,0,3600.0000,D,D: ML + EKF + NHC + map,0.8765,1140.8674,586,594,0,0,0.2461,-99.0741,0,0,0,phone_lag_online,26.0000,1.8000,0.6538,1.8500,0.1000,default,28.0000,0.0000,val
120.0000,1231.5641,200.0102,16.2403,160.6045,170.8714,257.3549,6.0090,4.8414,6.6034,16.9545,3.3952,13.0000,S3c,0,300.0000,D,D: ML + EKF + NHC + map,1.0186,981.6932,1186,1201,0,0,0.3750,-55.3379,0,0,0,phone_lag_online,29.0000,0.5000,0.7241,0.7000,0.5000,online,31.0000,1.0000,val
120.0000,2013.9329,1089.7205,54.1091,288.1676,409.1214,1089.7205,5.5325,3.9006,30.2657,66.5456,22.9961,10.0000,S3c,0,960.0000,D,D: ML + EKF + NHC + map,0.9280,1077.5463,1184,1199,0,0,0.5181,-66.8404,0,0,0,phone_lag_online,30.0000,0.1000,0.5333,0.2500,0.1000,default,31.0000,1.0000,val
120.0000,1146.5859,203.6406,17.7606,176.0104,192.9426,294.1291,3.8725,2.8858,40.1814,73.7769,8.3829,15.9990,S3c,0,1620.0000,D,D: ML + EKF + NHC + map,1.0397,961.8482,1186,1132,0,0,0.4318,-96.5314,0,0,0,phone_lag_online,32.0000,0.7000,0.7812,0.9500,1.6000,online,35.0000,0.0000,val
120.0000,1194.9070,267.6808,22.4018,159.2238,185.9373,269.4915,5.0217,3.7663,5.9006,17.0007,11.4211,,S3c,0,2220.0000,D,D: ML + EKF + NHC + map,1.0963,912.1985,1184,1178,166,0,0.3288,-113.6601,0,0,0,phone_lag_online,23.0000,0.1000,0.6087,0.3000,0.1000,online,22.0000,0.0000,val
120.0000,1681.1988,395.8315,23.5446,197.4116,232.4723,395.8315,5.7537,4.4993,3.5166,4.5090,12.4717,,S3c,0,2880.0000,D,D: ML + EKF + NHC + map,1.0015,998.4953,1180,1160,0,0,0.4148,-89.7478,0,0,0,phone_lag_online,33.0000,0.1000,0.2727,0.3000,0.4000,online,31.0000,1.0000,val
120.0000,839.0200,87.5922,10.4398,82.7900,95.1686,213.4210,4.7882,3.6267,8.7989,15.3990,3.2728,23.0000,S3c,0,3540.0000,D,D: ML + EKF + NHC + map,0.9814,1018.9989,1187,1172,60,0,0.3196,-131.1233,0,0,0,phone_lag_online,28.0000,0.1000,0.1786,0.5000,1.0000,online,31.0000,0.0000,val
30.0000,134.3178,7.9649,5.9299,14.9793,15.6428,29.3725,1.8328,1.5140,10.3458,1.1593,2.2240,,Vta16,0,315.0000,D,D: ML + EKF + NHC + map,0.6915,1446.0875,285,270,0,0,0.0721,-109.7960,0,0,0,phone_lag_online,32.0000,0.1000,0.2188,0.1000,0.1000,default,35.0000,0.0000,val
30.0000,250.9996,98.6757,39.3131,69.0489,70.4851,98.6757,6.3100,5.9472,5.0509,8.5192,6.3619,15.7000,Vta16,0,495.0000,D,D: ML + EKF + NHC + map,0.6617,1511.3341,285,287,0,0,0.1662,94.1845,0,0,0,phone_lag_online,29.0000,0.1000,0.3103,0.5000,0.1000,online,32.0000,0.0000,val
30.0000,484.6937,300.1078,61.9170,168.5961,177.7892,300.1078,10.2126,9.8567,37.8545,77.4292,2.3214,,Vta16,0,630.0000,D,D: ML + EKF + NHC + map,0.6459,1548.3360,286,281,0,0,0.1089,87.5909,0,0,0,phone_lag_online,29.0000,0.1000,0.4138,0.4500,0.1000,default,32.0000,0.0000,val
30.0000,478.4390,90.6489,18.9468,34.7071,40.8108,90.6489,2.8869,2.7003,9.2913,29.7242,3.9401,27.7000,Vta16,0,780.0000,D,D: ML + EKF + NHC + map,0.6423,1556.9546,285,292,0,0,0.0913,65.3252,0,0,0,phone_lag_online,32.0000,0.1000,0.0000,0.1500,0.1000,default,36.0000,0.0000,val
30.0000,452.7418,475.2703,104.9760,218.0862,255.1386,475.2703,11.8983,11.7042,76.8195,94.3937,1.8864,,Vta16,0,930.0000,D,D: ML + EKF + NHC + map,0.6633,1507.7075,286,273,0,0,0.1263,89.1687,0,0,0,phone_lag_online,32.0000,0.1000,0.3125,0.7500,0.9000,online,35.0000,0.0000,val
30.0000,319.6200,47.6841,14.9190,39.0703,43.9015,79.1222,5.3493,4.3805,27.7539,83.9890,7.3529,,Vta16,0,1065.0000,D,D: ML + EKF + NHC + map,0.6601,1515.0221,285,241,17,0,0.0712,-175.3083,0,0,0,phone_lag_online,32.0000,0.1000,0.0312,2.6500,0.1000,default,33.0000,1.0000,val
60.0000,310.3378,168.6159,54.3330,55.3636,73.3534,168.6159,2.3267,1.9047,31.7593,49.4699,5.0075,11.7000,Vta16,0,300.0000,D,D: ML + EKF + NHC + map,0.8424,1187.1052,585,565,0,0,0.0675,-91.5748,0,0,0,phone_lag_online,32.0000,0.1000,0.3438,0.2000,0.1000,default,32.0000,0.0000,val
60.0000,387.7785,267.6405,69.0189,106.2043,125.8255,267.6405,4.5436,3.4217,48.9378,70.8857,10.0695,12.7000,Vta16,0,450.0000,D,D: ML + EKF + NHC + map,0.8620,1160.1287,586,559,0,0,0.0749,-148.1569,0,0,0,phone_lag_online,29.0000,0.1000,0.0000,0.2000,0.1000,default,32.0000,0.0000,val
60.0000,946.8757,354.4327,37.4318,180.2668,201.8733,354.4327,10.1367,9.7939,18.4341,67.5631,13.8558,,Vta16,0,600.0000,D,D: ML + EKF + NHC + map,0.8488,1178.0723,586,574,0,0,0.1038,96.3272,0,0,0,phone_lag_online,29.0000,0.1000,0.5172,0.3000,0.1000,default,32.0000,0.0000,val
60.0000,924.7404,1088.7584,117.7367,540.5977,616.7953,1088.7584,2.7135,2.4772,70.0935,79.6699,7.2996,,Vta16,0,720.0000,D,D: ML + EKF + NHC + map,0.8542,1170.6413,585,583,0,0,0.1405,77.5551,0,0,0,phone_lag_online,32.0000,0.1000,0.1562,0.4000,0.1000,default,31.0000,0.0000,val
60.0000,724.0586,122.6847,16.9440,97.1968,101.3236,135.4580,3.6611,3.0946,18.5290,48.7841,6.4967,16.7000,Vta16,0,870.0000,D,D: ML + EKF + NHC + map,0.7994,1251.0021,585,523,0,0,0.0887,58.5492,0,0,0,phone_lag_online,31.0000,0.1000,0.0968,0.0000,1.8000,online,34.0000,0.0000,val
60.0000,703.5992,51.2943,7.2903,38.3407,46.3086,87.7650,3.0773,2.5064,8.0419,14.6070,5.6026,19.6990,Vta16,0,1020.0000,D,D: ML + EKF + NHC + map,0.8327,1200.9088,585,515,103,0,0.0899,150.8163,0,0,0,phone_lag_online,32.0000,0.1000,0.1562,1.9500,0.1000,default,36.0000,0.0000,val
120.0000,482.4017,319.0317,66.1340,144.8985,175.9781,325.6910,3.5920,2.2958,40.4880,65.8990,9.1974,14.1000,Vta16,0,300.0000,D,D: ML + EKF + NHC + map,1.0254,975.2372,1185,1099,0,0,0.0675,-91.5748,0,0,0,phone_lag_online,32.0000,0.1000,0.3438,0.2000,0.1000,default,33.0000,0.0000,val
120.0000,777.1058,474.1019,61.0087,164.2750,215.5471,474.1019,4.0816,3.3542,46.9162,95.4925,11.4532,27.6990,Vta16,0,420.0000,D,D: ML + EKF + NHC + map,0.9960,1003.9668,1185,1114,0,0,0.0977,-116.2512,0,0,0,phone_lag_online,29.0000,0.1000,0.0000,0.6000,0.1000,default,33.0000,0.0000,val
120.0000,1767.7630,581.6291,32.9020,219.4048,261.4809,581.6291,6.9307,6.1235,17.9663,72.0619,17.2688,15.7000,Vta16,0,540.0000,D,D: ML + EKF + NHC + map,0.9962,1003.8550,1186,1168,0,0,0.1192,79.5584,0,0,0,phone_lag_online,29.0000,0.1000,0.4138,0.5000,1.1000,online,32.0000,0.0000,val
120.0000,1759.3129,2227.2520,126.5978,1127.5502,1316.3797,2230.2635,2.5471,2.2186,90.0668,128.1196,4.0915,,Vta16,0,720.0000,D,D: ML + EKF + NHC + map,1.0725,932.4154,1185,1141,0,0,0.1405,77.5551,0,0,0,phone_lag_online,32.0000,0.1000,0.1562,0.4000,0.1000,default,29.0000,1.0000,val
120.0000,1349.2278,508.4148,37.6819,404.0471,460.9910,677.1477,4.0885,3.2484,48.4639,34.9474,6.1913,,Vta16,0,840.0000,D,D: ML + EKF + NHC + map,0.9841,1016.1683,1185,1083,0,0,0.0687,63.2073,0,0,0,phone_lag_online,33.0000,0.1000,0.0303,0.0000,1.6000,online,36.0000,0.0000,val
120.0000,1573.1280,384.7121,24.4552,279.5002,305.2946,442.9545,4.4609,3.7160,31.5782,47.8109,16.6988,28.7000,Vta16,0,960.0000,D,D: ML + EKF + NHC + map,0.9623,1039.2219,1185,1032,14,0,0.1164,85.6626,0,0,0,phone_lag_online,31.0000,0.1000,0.3548,0.9000,0.1000,default,34.0000,0.0000,val
30.0000,625.5132,39.0650,6.2453,22.3613,27.9186,42.6701,1.3160,1.1210,5.4086,10.6525,6.1472,20.9020,Vfa01,0,300.0000,D,D: ML + EKF + NHC + map,0.6057,1651.0715,285,294,57,0,0.3808,91.1739,0,0,0,phone_lag_online,32.0000,0.1000,0.5000,2.1000,0.1000,default,35.0000,0.0000,val
30.0000,587.9765,62.4964,10.6291,31.9840,36.8918,62.4964,3.0335,2.5806,3.2600,0.1687,5.0071,23.9010,Vfa01,0,450.0000,D,D: ML + EKF + NHC + map,0.6461,1547.8095,285,278,57,0,0.2648,98.8355,0,0,0,phone_lag_online,33.0000,0.1000,0.3636,2.4000,0.4000,online,36.0000,0.0000,val
30.0000,760.8882,277.8931,36.5222,148.4394,159.2737,277.8931,4.5337,3.9109,5.7834,2.7953,5.4830,,Vfa01,0,615.0000,D,D: ML + EKF + NHC + map,0.6171,1620.3813,285,244,0,0,0.3402,97.2204,0,0,0,phone_lag_online,31.0000,0.2000,0.6774,0.4000,0.1000,online,32.0000,1.0000,val
30.0000,495.2327,198.8794,40.1588,138.1549,140.3670,198.8794,6.4208,4.9929,8.1693,18.5305,9.6836,13.9010,Vfa01,0,750.0000,D,D: ML + EKF + NHC + map,0.6560,1524.4177,285,295,0,0,0.3865,91.9120,1,0,0,phone_lag_online,31.0000,0.1000,0.6774,0.3000,0.1000,default,32.0000,0.0000,val
30.0000,384.4121,76.1138,19.8001,54.1789,54.7996,76.1138,6.4181,4.9517,8.7149,18.8631,2.4479,11.9010,Vfa01,0,900.0000,D,D: ML + EKF + NHC + map,0.6380,1567.4469,285,248,0,0,0.3283,90.5205,1,0,0,phone_lag_online,32.0000,0.1000,0.3750,1.2500,2.6000,online,36.0000,0.0000,val
30.0000,340.0709,478.0224,140.5655,211.4542,252.6569,478.0224,4.2421,3.6686,71.3644,94.5136,1.5199,,Vfa01,0,1080.0000,D,D: ML + EKF + NHC + map,0.7006,1427.3846,285,253,0,0,0.1946,74.4439,2,0,0,phone_lag_online,29.0000,1.2000,0.6552,1.5000,1.6000,online,32.0000,0.0000,val
60.0000,1339.6855,112.4589,8.3944,57.3740,71.8656,138.9183,3.8649,2.7816,7.7645,6.0732,7.5237,17.9010,Vfa01,0,300.0000,D,D: ML + EKF + NHC + map,0.8573,1166.4625,585,592,117,0,0.3808,91.1739,0,0,0,phone_lag_online,32.0000,0.1000,0.5000,2.1000,0.1000,default,33.0000,1.0000,val
60.0000,964.1739,188.4174,19.5418,80.2053,100.1704,194.1864,5.2686,4.6652,8.7747,2.1661,7.1486,,Vfa01,0,450.0000,D,D: ML + EKF + NHC + map,0.8520,1173.6494,585,558,117,0,0.2648,98.8355,0,0,0,phone_lag_online,33.0000,0.1000,0.3636,2.4000,0.4000,online,36.0000,0.0000,val
60.0000,1497.4792,540.7022,36.1075,278.3031,309.2145,540.7022,10.7085,10.3034,8.6673,17.7465,3.6973,,Vfa01,0,600.0000,D,D: ML + EKF + NHC + map,0.8388,1192.1721,585,509,0,0,0.3365,92.6023,0,0,0,phone_lag_online,31.0000,0.3000,0.7742,0.4000,0.1000,online,34.0000,0.0000,val
60.0000,1010.7968,381.0469,37.6977,143.0571,182.4731,381.0469,5.8102,4.5236,28.4313,45.7012,15.0052,13.9010,Vfa01,0,720.0000,D,D: ML + EKF + NHC + map,0.8146,1227.6203,585,581,0,0,0.3573,90.5664,1,0,0,phone_lag_online,31.0000,0.2000,0.7419,0.3000,0.8000,online,34.0000,0.0000,val
60.0000,858.4063,311.2831,36.2629,130.2519,154.8137,311.2831,4.1743,3.4702,24.7436,48.8012,8.3409,11.9010,Vfa01,0,870.0000,D,D: ML + EKF + NHC + map,0.8629,1158.8458,585,515,0,0,0.3365,92.5583,1,0,0,phone_lag_online,32.0000,0.1000,0.3125,0.8000,2.7000,online,36.0000,0.0000,val
60.0000,587.2390,272.2277,46.3572,90.3471,106.3766,272.2277,2.2465,1.9353,30.8265,70.8552,7.2835,9.9040,Vfa01,0,1050.0000,D,D: ML + EKF + NHC + map,0.7813,1279.8505,585,509,0,0,0.2228,77.6971,2,0,0,phone_lag_online,29.0000,0.7000,0.6552,1.6000,1.6000,online,32.0000,0.0000,val
120.0000,2607.5571,376.8519,14.4523,162.1791,204.5567,382.0328,3.9715,3.3291,9.6341,4.5701,14.7529,11.9020,Vfa01,0,300.0000,D,D: ML + EKF + NHC + map,0.9459,1057.1864,1185,1142,165,0,0.3808,91.1739,0,0,0,phone_lag_online,32.0000,0.1000,0.5000,2.1000,0.1000,default,35.0000,0.0000,val
120.0000,1853.9375,385.1724,20.7759,147.3340,208.8974,416.7180,4.0454,3.3230,20.4576,143.8214,10.7452,19.9020,Vfa01,0,420.0000,D,D: ML + EKF + NHC + map,1.0347,966.4420,1185,1072,130,0,0.3472,92.6994,0,0,0,phone_lag_online,32.0000,0.1000,0.3125,2.4000,0.6000,online,34.0000,1.0000,val
120.0000,2275.4640,1781.6962,78.3003,663.4727,858.1218,1782.5720,11.2385,9.9146,55.4085,66.5933,2.6006,,Vfa01,0,540.0000,D,D: ML + EKF + NHC + map,1.0494,952.9036,1185,1036,67,0,0.2375,98.5366,0,0,0,phone_lag_online,32.0000,0.3500,0.6250,0.5500,1.6000,online,35.0000,0.0000,val
120.0000,1830.1519,1044.7013,57.0828,462.9455,586.1149,1044.7013,4.5848,3.5568,37.6672,65.2906,21.7004,11.9000,Vfa01,0,720.0000,D,D: ML + EKF + NHC + map,0.9849,1015.3376,1185,1153,0,0,0.3573,90.5664,1,0,0,phone_lag_online,31.0000,0.2000,0.7419,0.3000,0.8000,online,35.0000,0.0000,val
120.0000,1627.3294,306.4174,18.8295,133.3515,154.9929,306.4174,3.8910,3.3923,12.7987,28.2724,11.5067,17.9010,Vfa01,0,840.0000,D,D: ML + EKF + NHC + map,0.9699,1031.0233,1185,1026,0,0,0.3593,90.1878,2,0,0,phone_lag_online,31.0000,0.1000,0.4839,0.7000,1.7000,online,34.0000,0.0000,val
120.0000,825.7010,250.3467,30.3193,71.9652,97.9269,250.3467,1.7062,1.1714,18.0739,11.9164,9.0349,12.9010,Vfa01,0,960.0000,D,D: ML + EKF + NHC + map,0.9683,1032.6857,1186,1082,0,0,0.2763,86.5204,0,0,0,phone_lag_online,32.0000,0.1000,0.4375,1.5000,0.1000,default,34.0000,0.0000,val
30.0000,394.1462,187.4001,47.5458,102.6870,113.2995,187.4001,7.3107,6.4558,4.8190,9.7266,10.9041,27.8990,S1,0,300.0000,D,D: ML + EKF + NHC + map,0.6237,1603.4244,286,300,58,0,0.4282,67.8254,0,0,0,phone_lag_online,26.0000,0.7000,0.6923,1.6000,1.6000,online,27.0000,0.0000,test
30.0000,118.3173,28.5839,24.1587,11.1903,13.3417,28.5839,1.1687,0.9512,9.9205,12.1017,2.0638,11.0010,S1,0,1185.0000,D,D: ML + EKF + NHC + map,0.6960,1436.7810,284,295,0,0,0.2353,88.0925,0,0,0,phone_lag_online,30.0000,0.2500,0.7667,0.4000,0.2000,online,31.0000,1.0000,test
30.0000,287.8600,60.7450,21.1023,46.0377,46.3316,60.7450,3.7043,3.2978,3.7280,6.3410,2.3699,,S1,0,2145.0000,D,D: ML + EKF + NHC + map,0.6619,1510.7656,286,300,0,0,0.3428,49.4359,0,0,0,phone_lag_online,32.0000,0.1000,0.7812,0.3000,0.0000,online,25.0000,0.0000,test
30.0000,162.7101,16.0476,9.8627,6.6026,7.7606,16.0476,0.7149,0.5751,2.8206,6.9498,1.0262,,S1,0,3060.0000,D,D: ML + EKF + NHC + map,0.7075,1413.3466,284,261,0,0,0.2934,57.9714,0,0,0,phone_lag_online,33.0000,0.4000,0.6970,0.6000,0.4000,online,34.0000,1.0000,test
30.0000,177.0207,50.7801,28.6860,22.4292,26.2749,50.7801,2.2476,1.7023,9.9600,15.5449,5.0142,18.9990,S1,0,3960.0000,D,D: ML + EKF + NHC + map,0.6768,1477.4990,286,301,0,0,0.3044,64.1845,0,0,0,phone_lag_online,32.0000,0.9000,0.7812,1.2500,0.5000,online,33.0000,1.0000,test
30.0000,101.9300,11.1444,10.9334,16.4272,17.4812,27.7358,1.4945,1.0361,2.7723,1.9649,0.9356,,S1,0,5055.0000,D,D: ML + EKF + NHC + map,0.7243,1380.5554,285,300,57,0,0.2272,77.2651,0,0,0,phone_lag_online,23.0000,1.2000,0.6522,1.2000,2.0000,online,25.0000,0.0000,test
60.0000,819.6284,263.4538,32.1431,174.9188,193.0730,275.6251,7.4301,6.9228,11.9279,34.5328,9.8765,15.9990,S1,0,300.0000,D,D: ML + EKF + NHC + map,0.8342,1198.7776,586,600,118,0,0.4282,67.8254,0,0,0,phone_lag_online,26.0000,0.7000,0.6923,1.6000,1.6000,online,26.0000,0.0000,test
60.0000,474.6477,27.0978,5.7090,38.3516,39.2087,54.2105,2.2786,1.8644,6.0404,18.5808,1.3897,16.8990,S1,0,1230.0000,D,D: ML + EKF + NHC + map,0.8436,1185.3592,586,584,0,0,0.2403,82.9465,0,0,0,phone_lag_online,31.0000,0.2000,0.7742,0.2000,0.1000,online,29.0000,0.0000,test
60.0000,567.4469,272.8734,48.0879,141.3082,159.7816,272.8734,2.7012,2.3311,25.6786,38.7257,6.1483,13.9990,S1,0,2130.0000,D,D: ML + EKF + NHC + map,0.8198,1219.7833,585,583,0,0,0.3115,45.1746,0,0,0,phone_lag_online,31.0000,0.1000,0.7097,0.4000,0.0000,online,25.0000,0.0000,test
60.0000,342.2292,63.6076,18.5862,22.8591,29.7043,63.6076,1.4627,1.0883,9.0065,16.5513,1.7774,29.0000,S1,0,3060.0000,D,D: ML + EKF + NHC + map,0.7941,1259.2811,585,542,0,0,0.2934,57.9714,0,0,0,phone_lag_online,33.0000,0.4000,0.6970,0.6000,0.4000,online,36.0000,0.0000,test
60.0000,419.1626,79.9111,19.0645,41.2334,46.6194,79.9111,3.0377,2.2965,11.4094,11.6961,2.5094,24.9990,S1,0,3960.0000,D,D: ML + EKF + NHC + map,0.8062,1240.3232,586,597,0,0,0.3044,64.1845,0,0,0,phone_lag_online,32.0000,0.9000,0.7812,1.2500,0.5000,online,32.0000,1.0000,test
60.0000,187.2536,52.1843,27.8683,22.8241,26.7237,54.1051,1.7667,1.2242,3.4490,2.9620,1.7464,,S1,0,5040.0000,D,D: ML + EKF + NHC + map,0.9610,1040.6044,585,600,92,0,0.2220,74.5802,0,0,0,phone_lag_online,23.0000,1.2000,0.6522,1.2000,1.9000,online,24.0000,0.0000,test
120.0000,1539.0428,963.4415,62.6000,339.1223,412.4089,963.4415,6.1013,5.4983,42.9854,96.4403,1.3328,,S1,0,300.0000,D,D: ML + EKF + NHC + map,0.9801,1020.3063,1186,1191,135,0,0.4282,67.8254,0,0,0,phone_lag_online,26.0000,0.7000,0.6923,1.6000,1.6000,online,26.0000,1.0000,test
120.0000,892.7171,386.1169,43.2519,183.2739,224.0191,386.1169,1.6479,1.3695,22.3130,23.6823,10.7792,14.0000,S1,0,1200.0000,D,D: ML + EKF + NHC + map,1.0111,989.0514,1186,1170,0,0,0.2336,78.4332,0,0,0,phone_lag_online,32.0000,0.3000,0.7812,0.4500,0.2000,online,34.0000,0.0000,test
120.0000,1026.2289,534.2154,52.0562,172.2617,236.1105,534.2154,3.0590,2.6045,28.4304,63.0112,11.6217,13.9990,S1,0,2160.0000,D,D: ML + EKF + NHC + map,0.9794,1021.0725,1185,1156,0,0,0.3646,50.5488,0,0,0,phone_lag_online,33.0000,0.1000,0.7879,0.2000,0.0000,online,23.0000,0.0000,test
120.0000,603.5219,168.4844,27.9169,66.8003,84.7508,168.4844,1.4131,1.0223,21.5180,41.6378,3.9870,,S1,0,3060.0000,D,D: ML + EKF + NHC + map,1.0257,974.8964,1185,1102,0,0,0.2934,57.9714,0,0,0,phone_lag_online,33.0000,0.4000,0.6970,0.6000,0.4000,online,35.0000,0.0000,test
120.0000,778.3688,236.4934,30.3832,56.6859,84.0975,236.4934,2.2540,1.8022,21.4048,46.6488,8.0154,22.0000,S1,0,4020.0000,D,D: ML + EKF + NHC + map,1.0074,992.6550,1185,1154,0,0,0.3717,78.6340,0,0,0,phone_lag_online,32.0000,0.2500,0.7812,1.0000,0.0000,online,26.0000,0.0000,test
120.0000,750.5923,16.1047,2.1456,20.9940,23.2070,67.6804,2.7790,1.8556,2.7962,7.4923,1.2299,,S1,0,4980.0000,D,D: ML + EKF + NHC + map,1.1138,897.8429,1185,1200,227,0,0.2120,85.8501,0,0,0,phone_lag_online,24.0000,0.3500,0.6667,0.7000,1.3000,online,25.0000,0.0000,test
30.0000,525.5802,267.4337,50.8835,165.4851,179.7391,267.4337,9.3674,9.1232,9.4379,25.6876,10.9334,15.9010,M,0,300.0000,D,D: ML + EKF + NHC + map,0.6417,1558.2876,285,300,1,0,0.8857,54.3598,0,0,0,phone_lag_online,30.0000,0.1000,0.3667,0.2000,0.1000,default,26.0000,0.0000,test
30.0000,199.1823,41.2157,20.6924,24.7578,28.2919,53.2168,2.0668,1.7195,5.2089,12.0070,2.1809,15.9010,M,0,2175.0000,D,D: ML + EKF + NHC + map,0.6640,1506.1261,285,273,0,0,0.6112,72.8498,0,0,0,phone_lag_online,28.0000,1.0000,0.7500,1.0500,0.9000,online,31.0000,0.0000,test
30.0000,414.8864,27.2032,6.5568,12.2879,13.0574,27.2032,0.9992,0.8925,1.8057,1.8134,1.8532,13.9000,M,0,4035.0000,D,D: ML + EKF + NHC + map,0.6602,1514.7445,285,298,57,0,0.6169,93.8440,0,0,0,phone_lag_online,31.0000,0.4000,0.7742,0.5000,1.3000,online,33.0000,0.0000,test
30.0000,270.6088,89.9197,33.2287,54.5973,57.2910,93.6105,3.9676,3.1671,4.3177,0.7721,6.1892,25.7990,M,2,6774.1240,D,D: ML + EKF + NHC + map,0.7266,1376.3038,285,300,0,0,0.5110,60.3129,0,0,0,phone_lag_online,30.0000,1.1000,0.7000,1.2000,0.7000,online,33.0000,0.0000,test
30.0000,216.3940,23.9845,11.0837,8.1388,10.1782,23.9845,1.5066,1.2106,1.2670,1.9336,1.1628,12.8000,M,2,8739.1240,D,D: ML + EKF + NHC + map,0.6977,1433.3182,285,300,0,0,0.6277,46.3310,0,0,0,phone_lag_online,32.0000,0.1000,0.4688,0.0500,0.0000,online,33.0000,0.0000,test
30.0000,144.4625,69.6336,48.2019,74.7513,79.1173,188.8174,3.1330,2.0220,7.1809,9.1182,0.7347,,M,2,10524.1240,D,D: ML + EKF + NHC + map,0.7877,1269.4473,284,240,0,0,0.5275,68.9748,0,0,0,phone_lag_online,31.0000,0.1000,0.7742,0.2000,0.9000,online,21.0000,0.0000,test
60.0000,1010.3487,345.4205,34.1882,235.4782,251.7641,345.9227,7.4268,6.9113,10.2190,9.1193,11.9704,12.9000,M,0,300.0000,D,D: ML + EKF + NHC + map,0.7923,1262.0939,585,600,47,0,0.8857,54.3598,0,0,0,phone_lag_online,30.0000,0.1000,0.3667,0.2000,0.1000,default,26.0000,0.0000,test
60.0000,386.3854,28.7239,7.4340,27.3109,29.2933,40.1780,1.1263,0.9155,6.6265,3.4062,1.3554,3.9010,M,0,2130.0000,D,D: ML + EKF + NHC + map,0.8240,1213.5321,585,569,0,0,0.6173,72.5566,0,0,0,phone_lag_online,30.0000,0.5000,0.7333,0.7500,1.1000,online,31.0000,0.0000,test
60.0000,173.8759,738.9010,424.9589,781.8370,784.6188,911.1236,3.2798,0.9517,7.4234,8.9858,3.3358,,M,0,4140.0000,D,D: ML + EKF + NHC + map,0.8554,1169.0714,584,600,0,0,0.4547,86.6071,0,0,0,phone_lag_online,24.0000,0.9000,0.7083,1.0000,0.2000,online,28.0000,0.0000,test
60.0000,436.9120,68.4138,15.6585,48.6706,52.7729,69.1094,3.7179,3.0851,13.4278,15.7263,3.6171,25.7990,M,2,6789.1240,D,D: ML + EKF + NHC + map,0.8843,1130.8676,584,599,0,0,0.5573,58.6466,0,0,0,phone_lag_online,30.0000,0.8000,0.7000,1.1500,0.8000,online,32.0000,1.0000,test
60.0000,545.0209,43.9719,8.0679,35.8974,36.9154,55.5279,2.6539,1.8601,4.9111,4.2862,1.4868,9.8050,M,2,8649.1240,D,D: ML + EKF + NHC + map,0.8218,1216.8461,585,552,0,0,0.5878,49.9330,0,0,0,phone_lag_online,32.0000,0.1000,0.4062,0.0000,0.7000,online,27.0000,0.0000,test
60.0000,282.6365,27.4807,9.7230,14.7084,16.6346,28.2910,1.3574,0.9376,3.5221,6.3415,0.9434,14.7990,M,2,10479.1240,D,D: ML + EKF + NHC + map,1.0037,996.3513,585,553,0,0,0.4880,71.5026,0,0,0,phone_lag_online,33.0000,0.2000,0.7576,0.2000,0.7000,online,29.0000,0.0000,test
120.0000,1820.1742,229.1566,12.5898,259.6518,270.5008,349.2179,5.8334,4.9467,11.6203,11.2136,7.9614,25.0000,M,0,300.0000,D,D: ML + EKF + NHC + map,1.1403,876.9476,1185,1200,47,0,0.8857,54.3598,0,0,0,phone_lag_online,30.0000,0.1000,0.3667,0.2000,0.1000,default,26.0000,0.0000,test
120.0000,720.4282,170.7810,23.7055,111.7493,119.5224,186.0557,1.4697,1.1220,18.7902,26.0400,3.3269,9.9010,M,0,2100.0000,D,D: ML + EKF + NHC + map,1.1422,875.4838,1185,1115,0,0,0.5593,75.2390,0,0,0,phone_lag_online,30.0000,0.4000,0.7667,0.7000,1.0000,online,31.0000,0.0000,test
120.0000,429.9772,780.2290,181.4582,775.1924,776.7039,911.1236,2.6124,0.9528,10.3586,15.9442,4.8458,,M,0,4140.0000,D,D: ML + EKF + NHC + map,1.1311,884.0760,1184,1200,0,0,0.4547,86.6071,0,0,0,phone_lag_online,24.0000,0.9000,0.7083,1.0000,0.2000,online,27.0000,0.0000,test
120.0000,904.6886,66.0870,7.3049,74.7525,81.6929,126.4845,3.7936,3.2606,12.0308,5.9323,3.5239,10.7990,M,2,6789.1240,D,D: ML + EKF + NHC + map,1.0811,924.9422,1185,1196,0,0,0.5573,58.6466,0,0,0,phone_lag_online,30.0000,0.8000,0.7000,1.1500,0.8000,online,34.0000,0.0000,test
120.0000,1014.9004,137.7336,13.5711,86.7180,106.3896,193.2553,2.7483,2.3533,11.2313,10.6072,4.2449,9.8050,M,2,8589.1240,D,D: ML + EKF + NHC + map,1.0697,934.8792,1186,1152,0,0,0.7425,58.1970,0,0,0,phone_lag_online,33.0000,0.1000,0.1818,0.2000,0.1000,default,37.0000,0.0000,test
120.0000,1008.2964,282.1132,27.9792,99.0402,138.8608,282.1132,1.2389,0.9769,19.0865,38.5100,9.4139,,M,2,10389.1240,D,D: ML + EKF + NHC + map,1.0554,947.4918,1185,1178,0,0,0.6347,71.6002,0,0,0,phone_lag_online,33.0000,0.5000,0.7273,0.7000,0.0000,online,31.0000,1.0000,test
30.0000,501.2133,125.1024,24.9599,75.1421,82.8491,125.1024,1.9936,1.6805,2.5166,3.3638,5.7744,12.9990,S3c,0,300.0000,D,D: ML + EKF + NHC + map,0.6642,1505.6460,285,300,0,0,0.6586,-57.0466,0,0,0,phone_lag_online_align,29.0000,0.5000,0.7241,0.6000,0.5000,online,32.0000,0.0000,val
30.0000,376.7845,98.0539,26.0239,69.1671,74.9263,98.0539,1.9853,1.6819,4.1865,5.5892,4.3952,12.9990,S3c,0,975.0000,D,D: ML + EKF + NHC + map,0.6473,1544.9420,285,299,0,0,0.6480,-66.8427,0,0,0,phone_lag_online_align,30.0000,0.1000,0.5333,0.2000,0.1000,default,30.0000,1.0000,val
30.0000,323.3899,18.4625,5.7090,22.7641,23.4464,33.8214,1.7261,1.5596,5.3496,8.5716,2.5553,27.9010,S3c,0,1590.0000,D,D: ML + EKF + NHC + map,0.6259,1597.7100,285,283,17,0,0.7484,-83.6470,0,0,0,phone_lag_online_align,32.0000,0.6000,0.7188,0.7500,1.4000,online,36.0000,0.0000,val
30.0000,372.9973,90.8551,24.3581,46.9578,49.1427,90.8551,2.2864,1.9997,4.5890,2.2135,5.0650,13.9990,S3c,0,2340.0000,D,D: ML + EKF + NHC + map,0.6677,1497.7903,287,301,0,0,0.6249,-84.7476,0,0,0,phone_lag_online_align,26.0000,1.0000,0.6923,1.1000,1.3000,online,29.0000,0.0000,val
30.0000,528.8802,118.5720,22.4194,50.8125,62.4419,118.5720,2.4111,2.0948,4.2334,4.8684,5.6351,10.9990,S3c,0,2955.0000,D,D: ML + EKF + NHC + map,0.6897,1449.8705,286,300,0,0,0.4353,-110.2406,0,0,0,phone_lag_online_align,32.0000,0.1000,0.2500,0.3500,0.1000,default,33.0000,0.0000,val
30.0000,195.0372,68.8596,35.3059,39.3321,44.3700,71.4629,6.1132,4.9214,6.9473,9.2724,1.3222,29.1990,S3c,0,3645.0000,D,D: ML + EKF + NHC + map,0.7643,1308.4048,285,300,0,0,0.5065,-90.6568,0,0,0,phone_lag_online_align,26.0000,0.1000,0.3846,1.6000,0.1000,default,27.0000,0.0000,val
60.0000,668.6532,198.7487,29.7237,126.5299,139.7305,208.1760,3.5819,2.9091,4.6758,9.2427,3.9742,9.9990,S3c,0,300.0000,D,D: ML + EKF + NHC + map,0.8257,1211.1633,586,601,0,0,0.6586,-57.0466,0,0,0,phone_lag_online_align,29.0000,0.5000,0.7241,0.6000,0.5000,online,32.0000,1.0000,val
60.0000,757.1978,188.3697,24.8772,67.2027,83.6542,188.3697,2.4341,2.0169,13.5813,24.9410,6.4723,15.9990,S3c,0,960.0000,D,D: ML + EKF + NHC + map,0.7997,1250.4523,585,600,0,0,0.6331,-66.2866,0,0,0,phone_lag_online_align,30.0000,0.1000,0.5333,0.3000,0.1000,default,31.0000,0.0000,val
60.0000,665.5684,114.7286,17.2377,38.1902,47.1025,114.7286,2.2353,1.8800,10.5959,25.1263,4.1282,16.0000,S3c,0,1590.0000,D,D: ML + EKF + NHC + map,0.9134,1094.8111,586,584,17,0,0.7484,-83.6470,0,0,0,phone_lag_online_align,32.0000,0.6000,0.7188,0.7500,1.4000,online,35.0000,0.0000,val
60.0000,611.1491,74.1939,12.1401,47.5114,51.9630,83.9539,3.0170,2.2784,5.7539,5.9391,3.3518,17.7000,S3c,0,2280.0000,D,D: ML + EKF + NHC + map,0.8665,1154.1331,584,578,112,0,0.5864,-110.1191,0,0,0,phone_lag_online_align,23.0000,0.4000,0.5652,1.2000,1.3000,online,26.0000,0.0000,val
60.0000,948.1185,301.0975,31.7574,149.2503,174.6092,301.0975,5.5734,4.8046,1.5593,2.4422,10.8672,17.0000,S3c,0,2910.0000,D,D: ML + EKF + NHC + map,0.8068,1239.4905,586,575,0,0,0.5506,-96.5208,0,0,0,phone_lag_online_align,32.0000,0.1000,0.2188,0.3000,1.0000,online,34.0000,0.0000,val
60.0000,519.1449,1087.4046,209.4607,1160.6613,1162.9920,1313.5778,4.2802,3.8324,13.3750,18.7184,2.7558,,S3c,0,3600.0000,D,D: ML + EKF + NHC + map,0.8926,1120.2683,586,594,0,0,0.5221,-98.8916,0,0,0,phone_lag_online_align,26.0000,1.8000,0.6538,1.8000,0.1000,default,28.0000,0.0000,val
120.0000,1231.5641,170.2445,13.8234,144.9615,154.9365,238.1492,5.9011,4.8017,4.9567,4.0046,4.1336,13.0000,S3c,0,300.0000,D,D: ML + EKF + NHC + map,1.0449,957.0559,1186,1201,0,0,0.6586,-57.0466,0,0,0,phone_lag_online_align,29.0000,0.5000,0.7241,0.6000,0.5000,online,31.0000,1.0000,val
120.0000,2013.9329,1098.3241,54.5363,289.9269,412.1286,1098.3241,5.5119,3.8779,30.6443,67.2831,23.0379,10.0000,S3c,0,960.0000,D,D: ML + EKF + NHC + map,1.0779,927.7202,1184,1199,0,0,0.6331,-66.2866,0,0,0,phone_lag_online_align,30.0000,0.1000,0.5333,0.3000,0.1000,default,31.0000,1.0000,val
120.0000,1146.5859,209.1307,18.2394,179.4858,197.8312,301.8791,3.8438,2.8836,40.5027,72.1090,8.1659,,S3c,0,1620.0000,D,D: ML + EKF + NHC + map,1.1365,879.8850,1186,1132,0,0,0.6669,-93.4290,0,0,0,phone_lag_online_align,32.0000,0.7000,0.7812,0.9500,1.6000,online,35.0000,0.0000,val
120.0000,1194.9070,282.9316,23.6781,165.7020,193.6654,282.9316,5.1034,3.8276,5.9833,16.9535,11.9437,,S3c,0,2220.0000,D,D: ML + EKF + NHC + map,1.1886,841.3160,1184,1178,166,0,0.5890,-117.7055,0,0,0,phone_lag_online_align,23.0000,0.1000,0.6087,0.3000,0.1000,online,23.0000,0.0000,val
120.0000,1681.1988,439.7300,26.1557,198.9589,235.6316,439.7300,5.9234,4.6565,4.9939,14.9491,12.6579,,S3c,0,2880.0000,D,D: ML + EKF + NHC + map,1.0282,972.5993,1180,1160,0,0,0.5693,-86.2953,0,0,0,phone_lag_online_align,33.0000,0.1000,0.3333,0.3000,0.4000,online,30.0000,1.0000,val
120.0000,839.0200,458.2228,54.6140,220.7687,254.1853,458.2228,5.1301,3.5879,74.1602,90.7690,1.2484,,S3c,0,3540.0000,D,D: ML + EKF + NHC + map,1.0787,927.0353,1155,1173,56,0,0.5454,-116.5983,0,0,0,phone_lag_online_align,28.0000,0.1000,0.4286,1.6000,1.3000,online,30.0000,0.0000,val
30.0000,134.3178,19.3188,14.3829,10.6469,11.8624,22.9042,1.7049,1.3105,10.3357,4.3724,1.3522,,Vta16,0,315.0000,D,D: ML + EKF + NHC + map,0.6867,1456.2823,285,270,0,0,0.0584,-140.1783,0,0,0,phone_lag_online_align,32.0000,0.1000,0.1875,0.3000,0.1000,default,35.0000,0.0000,val
30.0000,250.9996,95.6988,38.1271,64.8401,66.3474,95.6988,5.8533,5.5174,4.5862,10.2861,6.2432,15.7000,Vta16,0,495.0000,D,D: ML + EKF + NHC + map,0.6809,1468.7004,285,287,0,0,0.1926,96.4059,0,0,0,phone_lag_online_align,29.0000,0.1000,0.3103,0.5000,0.1000,online,32.0000,0.0000,val
30.0000,484.6937,300.4887,61.9956,164.1480,174.1939,300.4887,9.5217,9.1197,37.7966,77.2364,2.3370,,Vta16,0,630.0000,D,D: ML + EKF + NHC + map,0.7307,1368.6386,286,282,0,0,0.1356,101.3851,0,0,0,phone_lag_online_align,29.0000,0.1000,0.4138,0.4000,0.1000,default,32.0000,0.0000,val
30.0000,478.4390,126.7078,26.4836,48.8723,57.6245,126.7078,1.9131,1.6440,13.0662,37.8921,3.8689,27.7000,Vta16,0,780.0000,D,D: ML + EKF + NHC + map,0.6689,1495.0335,285,292,0,0,0.0968,88.5226,0,0,0,phone_lag_online_align,32.0000,0.1000,0.0000,0.5000,0.1000,default,36.0000,0.0000,val
30.0000,452.7418,468.4074,103.4602,245.2661,271.8829,468.4074,11.3127,11.1007,62.1445,75.9297,1.9216,,Vta16,0,930.0000,D,D: ML + EKF + NHC + map,0.7369,1357.0224,286,272,0,0,0.1349,78.8787,0,0,0,phone_lag_online_align,32.0000,0.1000,0.3125,0.4500,0.9000,online,35.0000,0.0000,val
30.0000,319.6200,33.2553,10.4046,60.2527,64.8683,99.7867,6.6441,5.6230,25.1029,70.4118,8.5373,22.7000,Vta16,0,1065.0000,D,D: ML + EKF + NHC + map,0.7403,1350.7731,285,241,0,0,0.0216,-164.2223,0,0,0,phone_lag_online_align,32.0000,0.1000,0.0625,3.6500,0.1000,default,33.0000,1.0000,val
60.0000,310.3378,203.2901,65.5061,116.7292,122.6913,203.2901,2.4352,1.9474,19.7331,34.7397,6.3239,11.7000,Vta16,0,300.0000,D,D: ML + EKF + NHC + map,0.8096,1235.1747,585,565,0,0,0.0418,-115.0109,0,0,0,phone_lag_online_align,32.0000,0.1000,0.1875,0.1000,0.1000,default,34.0000,0.0000,val
60.0000,387.7785,272.2505,70.2077,103.1531,125.2338,272.2505,4.2060,3.5063,59.0640,92.8268,2.6834,,Vta16,0,450.0000,D,D: ML + EKF + NHC + map,0.8515,1174.3570,586,559,0,0,0.1526,-172.3540,0,0,0,phone_lag_online_align,29.0000,0.1000,0.0345,0.2000,0.1000,default,31.0000,0.0000,val
60.0000,946.8757,555.4221,58.6584,228.9307,261.4110,555.4221,7.1211,6.6661,37.1907,102.6338,3.6693,,Vta16,0,600.0000,D,D: ML + EKF + NHC + map,0.8684,1151.6080,586,575,0,0,0.1359,118.5950,0,0,0,phone_lag_online_align,29.0000,0.1000,0.5172,0.4000,0.1000,default,30.0000,0.0000,val
60.0000,924.7404,1119.7657,121.0897,552.3359,631.1919,1119.7657,3.1450,2.9233,71.9503,83.1789,6.5616,,Vta16,0,720.0000,D,D: ML + EKF + NHC + map,0.7721,1295.1577,585,583,0,0,0.1239,83.9905,0,0,0,phone_lag_online_align,32.0000,0.1000,0.1562,0.3000,0.1000,default,31.0000,0.0000,val
60.0000,724.0586,120.8499,16.6906,96.4170,100.4003,133.5207,3.6670,3.1013,18.4456,49.0291,6.5240,16.7000,Vta16,0,870.0000,D,D: ML + EKF + NHC + map,1.0620,941.6014,585,523,0,0,0.1410,58.9714,0,0,0,phone_lag_online_align,31.0000,0.1000,0.0968,0.0000,1.8000,online,34.0000,0.0000,val
60.0000,703.5992,540.2618,76.7854,221.9428,283.4828,540.2618,7.1075,6.5085,52.7079,56.4210,2.2030,,Vta16,0,1020.0000,D,D: ML + EKF + NHC + map,0.8199,1219.6622,585,514,14,0,0.0816,109.9599,0,0,0,phone_lag_online_align,32.0000,0.1000,0.4688,1.7000,0.1000,default,36.0000,0.0000,val
120.0000,482.4017,286.2083,59.3299,176.3285,188.9781,300.2220,3.7281,2.3478,26.7168,48.6627,7.9331,12.7000,Vta16,0,300.0000,D,D: ML + EKF + NHC + map,1.1912,839.5227,1185,1100,0,0,0.0418,-115.0109,0,0,0,phone_lag_online_align,32.0000,0.1000,0.1875,0.1000,0.1000,default,35.0000,0.0000,val
120.0000,777.1058,507.6456,65.3252,192.7774,244.3014,507.6456,3.7516,3.0394,50.3286,94.7172,13.3812,27.6990,Vta16,0,420.0000,D,D: ML + EKF + NHC + map,1.0356,965.5972,1185,1114,0,0,0.1196,-143.4791,0,0,0,phone_lag_online_align,29.0000,0.1000,0.0000,2.0000,0.1000,default,33.0000,0.0000,val
120.0000,1767.7630,312.0443,17.6519,135.0692,146.2160,312.0443,7.1157,6.2972,15.4367,64.5013,14.0851,15.7000,Vta16,0,540.0000,D,D: ML + EKF + NHC + map,1.0676,936.6381,1186,1168,0,0,0.2297,85.7903,0,0,0,phone_lag_online_align,29.0000,0.1000,0.4828,0.3000,1.1000,online,31.0000,0.0000,val
120.0000,1759.3129,2288.4048,130.0738,1160.0647,1355.8530,2291.2773,2.6727,2.3390,92.7168,118.7354,3.7950,,Vta16,0,720.0000,D,D: ML + EKF + NHC + map,1.0527,949.9414,1185,1141,0,0,0.1239,83.9905,0,0,0,phone_lag_online_align,32.0000,0.1000,0.1562,0.3000,0.1000,default,29.0000,1.0000,val
120.0000,1349.2278,508.0319,37.6535,403.6300,460.5113,676.2325,4.0838,3.2440,48.4110,34.9490,6.1915,,Vta16,0,840.0000,D,D: ML + EKF + NHC + map,1.0533,949.4220,1185,1083,0,0,0.0964,63.3933,0,0,0,phone_lag_online_align,33.0000,0.1000,0.0303,0.0000,1.6000,online,36.0000,0.0000,val
120.0000,1573.1280,865.6510,55.0274,411.4772,472.2216,865.6510,4.6748,3.8772,41.0443,32.0628,16.8043,28.7000,Vta16,0,960.0000,D,D: ML + EKF + NHC + map,1.1229,890.5545,1185,1029,0,0,0.1265,74.2701,0,0,0,phone_lag_online_align,31.0000,0.1000,0.3548,0.8000,0.1000,default,34.0000,0.0000,val
30.0000,625.5132,10.3536,1.6552,13.2757,16.7447,32.4427,2.0703,1.7397,5.2111,6.8239,3.9813,20.9020,Vfa01,0,300.0000,D,D: ML + EKF + NHC + map,0.6475,1544.3585,285,293,57,0,0.4229,86.1921,0,0,0,phone_lag_online_align,32.0000,0.3500,0.5000,2.1000,0.1000,default,36.0000,0.0000,val
30.0000,587.9765,47.4206,8.0651,25.6323,29.1735,47.4206,1.9038,1.6001,3.3068,1.0222,5.1515,23.9010,Vfa01,0,450.0000,D,D: ML + EKF + NHC + map,0.6523,1533.1142,285,278,57,0,0.3016,95.5972,0,0,0,phone_lag_online_align,33.0000,0.1000,0.3333,2.4000,0.4000,online,36.0000,0.0000,val
30.0000,760.8882,310.0113,40.7433,182.1580,190.7467,310.0113,5.7368,4.6871,7.4061,15.8047,2.8078,,Vfa01,0,615.0000,D,D: ML + EKF + NHC + map,0.6954,1438.1039,285,244,0,0,0.4314,89.7419,0,0,0,phone_lag_online_align,31.0000,0.2000,0.6774,0.4000,0.2000,online,33.0000,1.0000,val
30.0000,495.2327,64.1576,12.9550,23.7017,27.3536,64.1576,2.3351,1.9830,3.1058,5.3024,3.6230,22.9010,Vfa01,0,750.0000,D,D: ML + EKF + NHC + map,0.6919,1445.2489,285,295,0,0,0.4901,85.8536,1,0,0,phone_lag_online_align,31.0000,0.2000,0.7097,0.3000,0.1000,default,32.0000,0.0000,val
30.0000,384.4121,77.3515,20.1220,54.1812,54.8784,77.3515,6.4615,4.9924,8.6943,18.7921,2.4751,11.9010,Vfa01,0,900.0000,D,D: ML + EKF + NHC + map,0.6716,1488.9746,285,248,0,0,0.3709,92.2868,1,0,0,phone_lag_online_align,32.0000,0.1000,0.3750,1.2500,2.6000,online,36.0000,0.0000,val
30.0000,340.0709,484.3338,142.4214,211.6254,256.6062,484.3338,5.5253,4.8223,70.1341,93.1138,1.9510,,Vfa01,0,1080.0000,D,D: ML + EKF + NHC + map,0.7128,1402.9721,285,253,0,0,0.3042,69.9260,2,0,0,phone_lag_online_align,29.0000,1.3000,0.6897,1.6000,1.6000,online,32.0000,0.0000,val
60.0000,1339.6855,60.6009,4.5235,30.4522,39.2895,79.9590,3.3750,2.7459,6.2280,4.4285,5.8523,17.9010,Vfa01,0,300.0000,D,D: ML + EKF + NHC + map,0.8186,1221.6432,585,591,117,0,0.4229,86.1921,0,0,0,phone_lag_online_align,32.0000,0.3500,0.5000,2.1000,0.1000,default,34.0000,1.0000,val
60.0000,964.1739,236.2056,24.4982,66.1485,88.5479,236.2056,3.2560,2.8556,17.3213,39.3338,10.7147,,Vfa01,0,450.0000,D,D: ML + EKF + NHC + map,0.7989,1251.6642,585,558,73,0,0.3016,95.5972,0,0,0,phone_lag_online_align,33.0000,0.1000,0.3333,2.4000,0.4000,online,36.0000,0.0000,val
60.0000,1497.4792,516.4201,34.4860,252.1390,281.8818,516.4201,9.8468,9.5496,13.0005,31.0029,6.4004,,Vfa01,0,600.0000,D,D: ML + EKF + NHC + map,1.0408,960.7595,585,504,0,0,0.4226,84.7402,0,0,0,phone_lag_online_align,31.0000,0.3000,0.7742,0.4000,0.1000,online,34.0000,0.0000,val
60.0000,1010.7968,513.9134,50.8424,211.9991,262.2108,513.9134,6.4912,5.0047,36.6387,58.8524,6.9454,,Vfa01,0,720.0000,D,D: ML + EKF + NHC + map,0.8879,1126.2720,585,581,0,0,0.4422,84.7400,1,0,0,phone_lag_online_align,31.0000,0.2000,0.7742,0.3000,0.8000,online,34.0000,0.0000,val
60.0000,858.4063,315.4739,36.7511,132.3793,157.3438,315.4739,4.0450,3.3679,24.9442,49.3222,8.4750,11.9010,Vfa01,0,870.0000,D,D: ML + EKF + NHC + map,0.9843,1015.9275,585,515,0,0,0.3954,89.5226,1,0,0,phone_lag_online_align,32.0000,0.1000,0.3125,0.8000,2.7000,online,36.0000,0.0000,val
60.0000,587.2390,279.2852,47.5590,91.6552,109.0228,279.2852,2.6060,2.2049,30.7058,70.7614,7.5202,9.9040,Vfa01,0,1050.0000,D,D: ML + EKF + NHC + map,0.8836,1131.7759,585,509,0,0,0.3280,75.0638,2,0,0,phone_lag_online_align,29.0000,0.7000,0.6552,1.6000,1.6000,online,32.0000,0.0000,val
120.0000,2607.5571,237.0375,9.0904,104.1249,133.9845,244.5890,3.4366,2.9738,8.9374,21.7668,10.4728,11.9020,Vfa01,0,300.0000,D,D: ML + EKF + NHC + map,1.0509,951.5646,1185,1141,168,0,0.4229,86.1921,0,0,0,phone_lag_online_align,32.0000,0.3500,0.5000,2.1000,0.1000,default,36.0000,0.0000,val
120.0000,1853.9375,388.5251,20.9568,147.4565,210.3977,426.0161,4.1472,3.3295,20.4746,143.4381,10.8650,19.9020,Vfa01,0,420.0000,D,D: ML + EKF + NHC + map,1.1899,840.4137,1185,1072,130,0,0.3839,89.1393,0,0,0,phone_lag_online_align,32.0000,0.1000,0.3125,2.4000,0.6000,online,34.0000,1.0000,val
120.0000,2275.4640,1844.0225,81.0394,674.8073,874.0991,1844.0225,10.8185,9.5295,56.3372,75.8153,3.0605,,Vfa01,0,540.0000,D,D: ML + EKF + NHC + map,1.1481,870.9867,1185,1035,66,0,0.2868,94.1161,0,0,0,phone_lag_online_align,32.0000,0.3000,0.6250,0.5500,0.3000,online,35.0000,0.0000,val
120.0000,1830.1519,1386.4831,75.7578,623.9430,778.2772,1386.4831,5.1616,4.0033,50.0173,93.0664,27.8367,,Vfa01,0,720.0000,D,D: ML + EKF + NHC + map,1.0763,929.1269,1185,1153,0,0,0.4422,84.7400,1,0,0,phone_lag_online_align,31.0000,0.2000,0.7742,0.3000,0.8000,online,35.0000,0.0000,val
120.0000,1627.3294,366.1068,22.4974,156.3664,184.1563,366.1068,3.8819,3.4170,14.7220,34.0853,12.6610,17.9010,Vfa01,0,840.0000,D,D: ML + EKF + NHC + map,1.2005,832.9856,1185,1027,0,0,0.4281,85.2692,2,0,0,phone_lag_online_align,31.0000,0.1000,0.4839,0.8000,1.7000,online,34.0000,0.0000,val
120.0000,825.7010,207.4680,25.1263,90.8379,100.2750,207.4680,1.7108,1.2385,13.4678,0.2509,6.8667,12.9010,Vfa01,0,960.0000,D,D: ML + EKF + NHC + map,1.0071,992.9610,1186,1082,0,0,0.3562,84.6969,0,0,0,phone_lag_online_align,32.0000,0.1000,0.4062,1.5500,0.1000,default,34.0000,0.0000,val
30.0000,394.1462,139.8551,35.4831,56.1656,72.4173,139.8551,6.3280,5.4856,3.7754,4.7178,8.8185,27.8990,S1,0,300.0000,D,D: ML + EKF + NHC + map,0.6404,1561.4948,286,300,58,0,0.7720,72.7557,0,0,0,phone_lag_online_align,26.0000,0.7000,0.6923,1.5000,1.5000,online,27.0000,0.0000,test
30.0000,118.3173,25.5687,21.6103,10.4192,12.2145,25.5687,1.0704,0.7709,9.7092,12.6469,1.6760,11.0010,S1,0,1185.0000,D,D: ML + EKF + NHC + map,0.7275,1374.6536,284,295,0,0,0.5428,70.3724,0,0,0,phone_lag_online_align,30.0000,0.3000,0.7667,0.8500,0.2000,online,33.0000,1.0000,test
30.0000,287.8600,66.0759,22.9542,51.7326,51.9862,66.0759,4.0399,3.5241,3.5264,5.8347,2.9106,28.9990,S1,0,2145.0000,D,D: ML + EKF + NHC + map,0.6840,1461.9410,286,300,0,0,0.4904,52.4823,0,0,0,phone_lag_online_align,32.0000,0.1000,0.7812,0.3000,0.0000,online,25.0000,0.0000,test
30.0000,162.7101,14.4304,8.8688,6.4855,7.3639,14.4304,0.6263,0.5234,2.6917,6.4395,0.9948,,S1,0,3060.0000,D,D: ML + EKF + NHC + map,0.6322,1581.6827,284,261,0,0,0.6179,65.4556,0,0,0,phone_lag_online_align,33.0000,0.4000,0.7273,0.6000,0.4000,online,34.0000,1.0000,test
30.0000,177.0207,54.4179,30.7410,23.2993,27.4299,54.4179,2.3877,1.8196,10.4521,15.8656,3.3104,18.9990,S1,0,3960.0000,D,D: ML + EKF + NHC + map,0.6433,1554.5749,286,301,0,0,0.5594,61.0212,0,0,0,phone_lag_online_align,32.0000,0.9000,0.7500,1.3000,0.5000,online,34.0000,1.0000,test
30.0000,101.9300,36.6842,35.9897,44.0732,46.9592,112.8256,1.6181,0.9913,4.4426,9.3469,0.6444,,S1,0,5055.0000,D,D: ML + EKF + NHC + map,0.8091,1235.8877,285,300,57,0,0.6523,58.3955,0,0,0,phone_lag_online_align,23.0000,0.8000,0.6522,1.0000,0.9000,online,24.0000,0.0000,test
60.0000,819.6284,209.3262,25.5392,121.3779,142.2233,209.3262,6.2311,5.7349,9.8022,26.8806,8.2601,15.9990,S1,0,300.0000,D,D: ML + EKF + NHC + map,0.8465,1181.3912,586,600,118,0,0.7720,72.7557,0,0,0,phone_lag_online_align,26.0000,0.7000,0.6923,1.5000,1.5000,online,26.0000,0.0000,test
60.0000,474.6477,12.8359,2.7043,39.1238,40.5339,53.2858,2.7516,2.2225,4.3884,14.3836,3.6371,25.9990,S1,0,1230.0000,D,D: ML + EKF + NHC + map,0.8607,1161.7922,586,583,0,0,0.5325,68.5372,0,0,0,phone_lag_online_align,31.0000,0.2000,0.7742,0.3000,0.1000,online,33.0000,0.0000,test
60.0000,567.4469,213.0841,37.5514,112.2356,123.4366,213.0841,3.0553,2.6576,17.4158,34.8998,4.5849,13.9990,S1,0,2130.0000,D,D: ML + EKF + NHC + map,0.8563,1167.7650,585,585,0,0,0.5040,52.4524,0,0,0,phone_lag_online_align,31.0000,0.1000,0.7097,0.5000,0.0000,online,25.0000,0.0000,test
60.0000,342.2292,56.4209,16.4863,20.5232,26.3160,56.4209,1.2930,0.9794,8.3135,16.4198,1.5697,20.0000,S1,0,3060.0000,D,D: ML + EKF + NHC + map,0.8377,1193.7630,585,542,0,0,0.6179,65.4556,0,0,0,phone_lag_online_align,33.0000,0.4000,0.7273,0.6000,0.4000,online,36.0000,0.0000,test
60.0000,419.1626,85.6306,20.4290,44.3098,50.3757,85.6306,3.2066,2.3986,12.3143,13.5364,3.4915,16.0000,S1,0,3960.0000,D,D: ML + EKF + NHC + map,0.9987,1001.2972,586,597,0,0,0.5594,61.0212,0,0,0,phone_lag_online_align,32.0000,0.9000,0.7500,1.3000,0.5000,online,33.0000,1.0000,test
60.0000,187.2536,43.1288,23.0323,17.7466,21.6109,45.1823,1.7030,1.1640,1.6716,4.1810,2.0293,,S1,0,5040.0000,D,D: ML + EKF + NHC + map,0.9311,1073.9912,585,600,101,0,0.6528,58.2772,0,0,0,phone_lag_online_align,23.0000,0.8000,0.6522,1.0000,0.9000,online,23.0000,0.0000,test
120.0000,1539.0428,786.8948,51.1288,265.5141,332.8257,786.8948,5.1920,4.6110,34.6365,75.1406,1.3610,,S1,0,300.0000,D,D: ML + EKF + NHC + map,1.0138,986.3419,1186,1191,136,0,0.7720,72.7557,0,0,0,phone_lag_online_align,26.0000,0.7000,0.6923,1.5000,1.5000,online,26.0000,1.0000,test
120.0000,892.7171,527.1579,59.0510,238.0917,293.6088,527.1579,1.6549,1.3934,30.8969,35.8487,13.9160,14.0000,S1,0,1200.0000,D,D: ML + EKF + NHC + map,1.0289,971.9121,1186,1169,0,0,0.5077,68.9102,0,0,0,phone_lag_online_align,32.0000,0.3000,0.7812,0.8000,0.2000,online,35.0000,0.0000,test
120.0000,1026.2289,525.0634,51.1644,169.7418,232.4755,525.0634,3.1580,2.6607,27.5003,61.9183,11.3595,13.9990,S1,0,2160.0000,D,D: ML + EKF + NHC + map,1.0620,941.6577,1185,1156,0,0,0.5187,53.4688,0,0,0,phone_lag_online_align,33.0000,0.1000,0.7879,0.2000,0.0000,online,23.0000,0.0000,test
120.0000,603.5219,139.3209,23.0846,58.8023,73.9799,139.3209,1.2524,0.9548,17.8785,28.2797,3.2915,,S1,0,3060.0000,D,D: ML + EKF + NHC + map,1.0229,977.5972,1185,1102,0,0,0.6179,65.4556,0,0,0,phone_lag_online_align,33.0000,0.4000,0.7273,0.6000,0.4000,online,35.0000,0.0000,test
120.0000,778.3688,240.5331,30.9022,72.5493,93.9684,240.5331,4.4024,3.6439,24.9204,55.6985,5.8083,13.0000,S1,0,4020.0000,D,D: ML + EKF + NHC + map,1.1047,905.1859,1185,1154,0,0,0.6303,71.7451,0,0,0,phone_lag_online_align,32.0000,0.4500,0.7812,1.1000,0.1000,online,28.0000,0.0000,test
120.0000,750.5923,64.8754,8.6432,41.5334,42.5449,68.2509,2.1960,1.5518,3.7596,0.1069,1.1093,,S1,0,4980.0000,D,D: ML + EKF + NHC + map,1.1742,851.6193,1185,1200,237,0,0.6338,67.1391,0,0,0,phone_lag_online_align,24.0000,0.6000,0.6667,0.8000,0.8000,online,25.0000,0.0000,test
30.0000,525.5802,268.0015,50.9915,166.1207,180.3221,268.0015,9.4253,9.1784,9.5115,25.7546,10.9418,15.9010,M,0,300.0000,D,D: ML + EKF + NHC + map,0.7651,1307.0972,285,300,1,0,0.9310,53.8667,0,0,0,phone_lag_online_align,30.0000,0.1000,0.3667,0.2000,0.1000,default,26.0000,0.0000,test
30.0000,199.1823,40.5063,20.3363,24.2644,27.6236,51.6109,1.9928,1.6507,5.2772,12.0132,2.1771,15.9010,M,0,2175.0000,D,D: ML + EKF + NHC + map,0.7764,1288.0218,285,273,0,0,0.7473,72.7227,0,0,0,phone_lag_online_align,28.0000,1.0000,0.7500,1.0000,0.9000,online,31.0000,0.0000,test
30.0000,414.8864,31.5283,7.5993,12.9037,14.0696,31.5283,1.1847,1.0254,1.8010,1.1920,2.0012,14.0010,M,0,4035.0000,D,D: ML + EKF + NHC + map,0.6791,1472.4810,285,298,57,0,0.8147,87.6289,0,0,0,phone_lag_online_align,31.0000,0.5000,0.7742,0.6000,1.3000,online,33.0000,0.0000,test
30.0000,270.6088,49.6980,18.3653,15.7419,19.5999,49.6980,2.7911,2.1148,2.7188,3.8827,3.8190,25.7990,M,2,6774.1240,D,D: ML + EKF + NHC + map,0.7126,1403.2448,285,300,0,0,0.7891,67.3179,0,0,0,phone_lag_online_align,30.0000,0.6000,0.7333,1.1000,0.1000,online,33.0000,0.0000,test
30.0000,216.3940,34.0394,15.7303,10.9252,14.9748,34.0394,1.7773,1.5832,0.8855,0.3721,1.1798,12.8000,M,2,8739.1240,D,D: ML + EKF + NHC + map,0.7796,1282.7081,285,300,0,0,0.8338,56.9965,0,0,0,phone_lag_online_align,32.0000,0.1000,0.4688,0.1000,0.1000,online,34.0000,0.0000,test
30.0000,144.4625,69.8530,48.3537,76.5231,81.0678,194.0371,3.2571,2.1061,7.0231,8.9036,0.8011,,M,2,10524.1240,D,D: ML + EKF + NHC + map,0.7341,1362.3021,284,240,0,0,0.8356,67.7988,0,0,0,phone_lag_online_align,31.0000,0.1000,0.7742,0.2000,0.9000,online,21.0000,0.0000,test
60.0000,1010.3487,345.0058,34.1472,235.7506,251.9021,345.5740,7.4699,6.9483,10.2447,9.0962,11.9575,12.9000,M,0,300.0000,D,D: ML + EKF + NHC + map,0.7878,1269.3787,585,600,47,0,0.9310,53.8667,0,0,0,phone_lag_online_align,30.0000,0.1000,0.3667,0.2000,0.1000,default,26.0000,0.0000,test
60.0000,386.3854,13.4196,3.4731,14.0349,15.5853,24.9083,1.1331,0.9213,6.5586,15.4672,1.2395,3.9010,M,0,2130.0000,D,D: ML + EKF + NHC + map,0.7878,1269.3348,585,570,0,0,0.7481,71.9930,0,0,0,phone_lag_online_align,30.0000,0.5000,0.7333,0.7000,1.1000,online,31.0000,0.0000,test
60.0000,173.8759,650.6035,374.1770,685.2630,686.4032,765.5934,2.8129,0.9370,13.3288,13.0779,2.5579,,M,0,4140.0000,D,D: ML + EKF + NHC + map,0.8915,1121.6680,584,600,3,0,0.7167,82.3639,0,0,0,phone_lag_online_align,24.0000,0.8000,0.7083,1.0000,0.2000,online,28.0000,0.0000,test
60.0000,436.9120,80.7624,18.4848,59.6256,64.6155,83.7895,3.8552,3.0868,12.7146,13.0958,3.0671,16.7990,M,2,6789.1240,D,D: ML + EKF + NHC + map,0.9718,1028.9830,584,599,0,0,0.7971,69.7416,0,0,0,phone_lag_online_align,30.0000,0.6000,0.7333,0.8500,0.8000,online,32.0000,1.0000,test
60.0000,545.0209,45.8262,8.4082,36.6804,38.1427,58.5798,2.7652,2.1580,4.9760,3.0231,2.2670,18.8000,M,2,8649.1240,D,D: ML + EKF + NHC + map,0.8539,1171.1552,585,552,0,0,0.8323,57.7822,0,0,0,phone_lag_online_align,32.0000,0.1000,0.4062,0.0000,0.7000,online,28.0000,0.0000,test
60.0000,282.6365,29.0067,10.2629,16.0879,18.4515,29.9712,1.2446,0.8651,3.4462,6.2245,0.9673,14.7990,M,2,10479.1240,D,D: ML + EKF + NHC + map,0.8380,1193.3525,585,553,0,0,0.8255,69.3081,0,0,0,phone_lag_online_align,33.0000,0.1000,0.7879,0.1000,0.7000,online,26.0000,0.0000,test
120.0000,1820.1742,227.4927,12.4984,259.2511,270.0310,348.5636,5.8632,4.9677,11.6196,11.1109,7.9095,25.0000,M,0,300.0000,D,D: ML + EKF + NHC + map,1.0165,983.8107,1185,1200,47,0,0.9310,53.8667,0,0,0,phone_lag_online_align,30.0000,0.1000,0.3667,0.2000,0.1000,default,26.0000,0.0000,test
120.0000,720.4282,165.0219,22.9061,89.0199,105.3202,173.1018,1.6779,1.2983,22.4223,23.8523,4.6302,3.7000,M,0,2100.0000,D,D: ML + EKF + NHC + map,0.9616,1039.8924,1185,1117,0,0,0.6853,67.7337,0,0,0,phone_lag_online_align,30.0000,0.3500,0.7667,0.4000,1.0000,online,31.0000,0.0000,test
120.0000,429.9772,708.1720,164.6999,688.2595,688.9966,765.5934,2.3511,0.9662,15.2411,19.8669,3.6318,,M,0,4140.0000,D,D: ML + EKF + NHC + map,1.1225,890.8792,1184,1200,3,0,0.7167,82.3639,0,0,0,phone_lag_online_align,24.0000,0.8000,0.7083,1.0000,0.2000,online,27.0000,0.0000,test
120.0000,904.6886,57.2908,6.3327,81.7213,87.7463,129.7646,3.7330,3.1404,10.8282,3.6610,3.4312,10.7990,M,2,6789.1240,D,D: ML + EKF + NHC + map,1.0590,944.2926,1185,1196,0,0,0.7971,69.7416,0,0,0,phone_lag_online_align,30.0000,0.6000,0.7333,0.8500,0.8000,online,34.0000,0.0000,test
120.0000,1014.9004,125.4436,12.3602,77.7595,93.7449,160.5293,2.8050,2.4026,8.4233,4.7989,3.9018,9.8050,M,2,8589.1240,D,D: ML + EKF + NHC + map,1.1491,870.2775,1186,1152,0,0,0.8684,63.3700,0,0,0,phone_lag_online_align,33.0000,0.1000,0.1818,0.2000,0.1000,default,37.0000,0.0000,test
120.0000,1008.2964,280.8109,27.8500,98.3277,137.8676,280.8109,1.2332,0.9685,18.9704,38.1377,9.3910,,M,2,10389.1240,D,D: ML + EKF + NHC + map,1.0933,914.6958,1185,1178,0,0,0.7997,69.6620,0,0,0,phone_lag_online_align,33.0000,0.4000,0.7273,0.7000,0.0000,online,31.0000,1.0000,test
30.0000,501.2133,176.7676,35.2679,129.9250,139.0247,177.3621,5.8568,5.5066,2.1356,1.6882,6.9334,12.9990,S3c,0,300.0000,D,D: ML + EKF + NHC + map,2.2530,443.8591,285,300,0,0,0.3750,-55.3379,0,0,0,phone_events_mn,29.0000,0.0000,0.0000,,0.0000,off,0.0000,0.0000,val
30.0000,376.7845,106.9337,28.3806,70.6660,76.4533,106.9337,1.9853,1.6993,1.4383,0.6428,5.3258,,S3c,0,975.0000,D,D: ML + EKF + NHC + map,2.5004,399.9307,285,299,0,0,0.5151,-67.1540,0,0,0,phone_events_mn,30.0000,0.0000,0.0000,,0.0000,off,0.0000,0.0000,val
30.0000,323.3899,45.0573,13.9328,50.5445,50.6277,54.3192,3.8048,3.4025,5.6409,9.3445,2.7476,27.9010,S3c,0,1590.0000,D,D: ML + EKF + NHC + map,2.2855,437.5325,285,282,20,0,0.4088,-86.8128,0,0,0,phone_events_mn,32.0000,0.0000,0.0000,,0.0000,off,0.0000,0.0000,val
30.0000,372.9973,66.9597,17.9518,20.0259,25.2817,66.9597,2.0465,1.4711,3.0850,0.0110,4.3058,13.9990,S3c,0,2340.0000,D,D: ML + EKF + NHC + map,2.4714,404.6299,287,301,0,0,0.2669,-74.5974,0,0,0,phone_events_mn,26.0000,0.0000,0.0000,,0.0000,off,0.0000,0.0000,val
30.0000,528.8802,139.5976,26.3949,86.7440,92.9023,139.5976,5.4347,5.2458,5.1105,3.5636,6.2272,10.9990,S3c,0,2955.0000,D,D: ML + EKF + NHC + map,2.3615,423.4678,286,300,0,0,0.3309,-120.7105,0,0,0,phone_events_mn,32.0000,0.0000,0.0000,,0.0000,off,0.0000,0.0000,val
30.0000,195.0372,59.0273,30.2647,33.8792,38.3008,61.0763,5.5214,4.6247,4.8113,9.1523,0.9637,,S3c,0,3645.0000,D,D: ML + EKF + NHC + map,2.3254,430.0263,285,300,0,0,0.2162,-103.0373,0,0,0,phone_events_mn,26.0000,0.0000,0.0000,,0.0000,off,0.0000,0.0000,val
60.0000,668.6532,236.9148,35.4316,172.1810,181.4531,247.1288,5.2753,4.9880,2.1934,6.1213,5.3048,9.9990,S3c,0,300.0000,D,D: ML + EKF + NHC + map,2.4433,409.2781,586,601,0,0,0.3750,-55.3379,0,0,0,phone_events_mn,29.0000,0.0000,0.0000,,0.0000,off,0.0000,0.0000,val
60.0000,757.1978,172.7055,22.8085,73.2140,89.7105,172.8954,2.5780,2.1919,3.1278,12.4197,7.5575,,S3c,0,960.0000,D,D: ML + EKF + NHC + map,2.4874,402.0203,585,600,0,0,0.5181,-66.8404,0,0,0,phone_events_mn,30.0000,0.0000,0.0000,,0.0000,off,0.0000,0.0000,val
60.0000,665.5684,121.8872,18.3132,59.3799,62.7397,121.8872,4.3911,4.0014,10.7370,26.0839,3.7415,16.0000,S3c,0,1590.0000,D,D: ML + EKF + NHC + map,2.3018,434.4352,586,583,20,0,0.4088,-86.8128,0,0,0,phone_events_mn,32.0000,0.0000,0.0000,,0.0000,off,0.0000,0.0000,val
60.0000,611.1491,97.8430,16.0097,61.5408,69.6638,123.0870,3.3747,2.4722,9.9311,5.4963,3.9520,17.8990,S3c,0,2280.0000,D,D: ML + EKF + NHC + map,2.6229,381.2598,584,578,111,0,0.2908,-105.6315,0,0,0,phone_events_mn,23.0000,0.0000,0.0000,,0.0000,off,0.0000,0.0000,val
60.0000,948.1185,277.3112,29.2486,146.5677,170.1420,277.3112,5.7806,5.1235,4.7122,5.9735,10.3258,17.0000,S3c,0,2910.0000,D,D: ML + EKF + NHC + map,2.3667,422.5230,586,575,0,0,0.3606,-104.7447,0,0,0,phone_events_mn,32.0000,0.0000,0.0000,,0.0000,off,0.0000,0.0000,val
60.0000,519.1449,42.3197,8.1518,22.2358,27.8123,84.8309,4.5071,3.4662,3.8301,2.1307,1.2077,23.0000,S3c,0,3600.0000,D,D: ML + EKF + NHC + map,2.3958,417.3953,586,592,0,0,0.2461,-99.0741,0,0,0,phone_events_mn,26.0000,0.0000,0.0000,,0.0000,off,0.0000,0.0000,val
120.0000,1231.5641,205.1147,16.6548,188.7407,196.2475,282.6241,7.1282,6.4085,3.1933,8.5071,5.2560,,S3c,0,300.0000,D,D: ML + EKF + NHC + map,2.3120,432.5295,1186,1201,0,0,0.3750,-55.3379,0,0,0,phone_events_mn,29.0000,0.0000,0.0000,,0.0000,off,0.0000,0.0000,val
120.0000,2013.9329,766.8604,38.0778,226.4213,304.2126,766.8604,6.0000,4.1870,12.4572,29.9074,9.2454,,S3c,0,960.0000,D,D: ML + EKF + NHC + map,2.3475,425.9898,1184,1199,0,0,0.5181,-66.8404,0,0,0,phone_events_mn,30.0000,0.0000,0.0000,,0.0000,off,0.0000,0.0000,val
120.0000,1146.5859,172.6952,15.0617,98.3637,102.2082,172.6952,4.1481,3.2321,20.3749,28.5298,5.6008,15.9990,S3c,0,1620.0000,D,D: ML + EKF + NHC + map,2.4249,412.3949,1186,1132,0,0,0.4318,-96.5314,0,0,0,phone_events_mn,32.0000,0.0000,0.0000,,0.0000,off,0.0000,0.0000,val
120.0000,1194.9070,333.3971,27.9015,211.2787,247.9813,344.4273,5.9025,4.4729,9.0879,26.0457,1.5200,,S3c,0,2220.0000,D,D: ML + EKF + NHC + map,2.7690,361.1459,1185,1178,167,0,0.3288,-113.6601,0,0,0,phone_events_mn,23.0000,0.0000,0.0000,,0.0000,off,0.0000,0.0000,val
120.0000,1681.1988,416.9070,24.7982,206.9531,240.1141,416.9070,5.8724,4.6254,2.7339,3.3775,12.8149,22.9990,S3c,0,2880.0000,D,D: ML + EKF + NHC + map,2.6338,379.6817,1180,1160,0,0,0.4148,-89.7478,0,0,0,phone_events_mn,33.0000,0.0000,0.0000,,0.0000,off,0.0000,0.0000,val
120.0000,839.0200,93.4198,11.1344,73.9795,90.7838,214.1459,5.2225,3.9182,10.4345,18.9321,2.4634,23.0000,S3c,0,3540.0000,D,D: ML + EKF + NHC + map,2.6496,377.4167,1187,1171,60,0,0.3196,-131.1233,0,0,0,phone_events_mn,28.0000,0.0000,0.0000,,0.0000,off,0.0000,0.0000,val
30.0000,134.3178,34.9066,25.9881,27.0932,27.2396,34.9066,2.0685,1.6965,10.0707,9.2705,2.2731,26.7000,Vta16,0,315.0000,D,D: ML + EKF + NHC + map,2.4941,400.9473,285,270,0,0,0.0721,-109.7960,0,0,0,phone_events_mn,32.0000,0.0000,0.0000,,0.0000,off,0.0000,0.0000,val
30.0000,250.9996,105.3764,41.9827,47.9186,56.6704,105.3764,2.6040,2.0430,11.8120,2.0083,3.5487,,Vta16,0,495.0000,D,D: ML + EKF + NHC + map,2.6208,381.5596,285,287,0,0,0.1662,94.1845,0,0,0,phone_events_mn,29.0000,0.0000,0.0000,,0.0000,off,0.0000,0.0000,val
30.0000,484.6937,358.4340,73.9506,175.2133,195.4496,358.4340,8.7954,8.4093,47.2440,91.4379,2.3084,,Vta16,0,630.0000,D,D: ML + EKF + NHC + map,2.5413,393.5009,286,281,0,0,0.1089,87.5909,0,0,0,phone_events_mn,29.0000,0.0000,0.0000,,0.0000,off,0.0000,0.0000,val
30.0000,478.4390,126.8269,26.5085,45.1111,53.9865,126.8269,4.1935,4.0495,13.4394,37.5886,4.0662,27.7000,Vta16,0,780.0000,D,D: ML + EKF + NHC + map,2.2937,435.9743,285,292,0,0,0.0913,65.3252,0,0,0,phone_events_mn,32.0000,0.0000,0.0000,,0.0000,off,0.0000,0.0000,val
30.0000,452.7418,438.8601,96.9339,196.7140,231.7477,438.8601,10.6311,10.4103,68.3549,94.0026,1.8954,,Vta16,0,930.0000,D,D: ML + EKF + NHC + map,2.2754,439.4863,286,273,0,0,0.1263,89.1687,0,0,0,phone_events_mn,32.0000,0.0000,0.0000,,0.0000,off,0.0000,0.0000,val
30.0000,319.6200,94.4271,29.5436,32.8442,41.5638,94.4271,5.2241,4.1836,26.3989,75.8446,7.6931,13.7000,Vta16,0,1065.0000,D,D: ML + EKF + NHC + map,2.3566,424.3477,285,242,23,0,0.0712,-175.3083,0,0,0,phone_events_mn,32.0000,0.0000,0.0000,,0.0000,off,0.0000,0.0000,val
60.0000,310.3378,88.1881,28.4168,42.2151,48.3141,88.1881,2.5531,2.1563,23.7155,29.2673,3.1363,,Vta16,0,300.0000,D,D: ML + EKF + NHC + map,2.3106,432.7877,585,565,0,0,0.0675,-91.5748,0,0,0,phone_events_mn,32.0000,0.0000,0.0000,,0.0000,off,0.0000,0.0000,val
60.0000,387.7785,112.6680,29.0547,47.2115,55.0069,112.6680,4.8250,3.7608,25.3000,27.3958,4.4675,12.7000,Vta16,0,450.0000,D,D: ML + EKF + NHC + map,2.4199,413.2431,586,558,0,0,0.0749,-148.1569,0,0,0,phone_events_mn,29.0000,0.0000,0.0000,,0.0000,off,0.0000,0.0000,val
60.0000,946.8757,599.0712,63.2682,257.8767,293.3188,599.0712,8.8196,8.4304,39.6012,109.8363,3.0039,,Vta16,0,600.0000,D,D: ML + EKF + NHC + map,2.6811,372.9832,586,574,0,0,0.1038,96.3272,0,0,0,phone_events_mn,29.0000,0.0000,0.0000,,0.0000,off,0.0000,0.0000,val
60.0000,924.7404,800.8550,86.6032,455.3053,503.1558,800.8550,2.9627,2.7366,49.4426,39.8886,6.4211,,Vta16,0,720.0000,D,D: ML + EKF + NHC + map,2.4910,401.4416,585,584,0,0,0.1405,77.5551,0,0,0,phone_events_mn,32.0000,0.0000,0.0000,,0.0000,off,0.0000,0.0000,val
60.0000,724.0586,122.9786,16.9846,128.6384,133.7250,159.9608,5.6976,4.3254,16.8807,57.4978,5.5447,,Vta16,0,870.0000,D,D: ML + EKF + NHC + map,2.3399,427.3747,585,524,0,0,0.0887,58.5492,0,0,0,phone_events_mn,31.0000,0.0000,0.0000,,0.0000,off,0.0000,0.0000,val
60.0000,703.5992,126.6635,18.0022,60.1469,73.1136,129.9918,3.4783,3.0653,12.1208,38.5301,5.1526,19.6990,Vta16,0,1020.0000,D,D: ML + EKF + NHC + map,2.2956,435.6220,585,516,76,0,0.0899,150.8163,0,0,0,phone_events_mn,32.0000,0.0000,0.0000,,0.0000,off,0.0000,0.0000,val
120.0000,482.4017,203.6185,42.2093,85.9659,101.0329,214.7477,3.5920,2.3703,27.2629,43.1465,5.0847,21.7000,Vta16,0,300.0000,D,D: ML + EKF + NHC + map,2.3212,430.8147,1185,1100,0,0,0.0675,-91.5748,0,0,0,phone_events_mn,32.0000,0.0000,0.0000,,0.0000,off,0.0000,0.0000,val
120.0000,777.1058,376.7457,48.4806,136.0663,176.4000,376.7457,3.9264,3.2076,40.7763,79.0035,10.7419,27.6990,Vta16,0,420.0000,D,D: ML + EKF + NHC + map,2.3577,424.1362,1185,1115,0,0,0.0977,-116.2512,0,0,0,phone_events_mn,29.0000,0.0000,0.0000,,0.0000,off,0.0000,0.0000,val
120.0000,1767.7630,687.7762,38.9066,249.6156,299.0842,687.7762,8.6473,7.7936,22.4327,89.6638,15.9156,,Vta16,0,540.0000,D,D: ML + EKF + NHC + map,2.6154,382.3555,1186,1168,0,0,0.1192,79.5584,0,0,0,phone_events_mn,29.0000,0.0000,0.0000,,0.0000,off,0.0000,0.0000,val
120.0000,1759.3129,1492.4377,84.8307,794.3603,892.1020,1492.6934,2.6636,2.3333,54.4473,157.3793,6.1985,,Vta16,0,720.0000,D,D: ML + EKF + NHC + map,2.6386,378.9873,1185,1143,0,0,0.1405,77.5551,0,0,0,phone_events_mn,32.0000,0.0000,0.0000,,0.0000,off,0.0000,0.0000,val
120.0000,1349.2278,525.1639,38.9233,405.2468,465.7369,686.4215,6.5610,4.9342,49.6225,34.1187,3.8175,,Vta16,0,840.0000,D,D: ML + EKF + NHC + map,2.5410,393.5406,1185,1084,0,0,0.0687,63.2073,0,0,0,phone_events_mn,33.0000,0.0000,0.0000,,0.0000,off,0.0000,0.0000,val
120.0000,1573.1280,905.5996,57.5668,366.1974,460.8635,905.5996,3.8072,3.0584,38.1460,41.9597,16.5628,28.7000,Vta16,0,960.0000,D,D: ML + EKF + NHC + map,2.5736,388.5618,1185,1027,0,0,0.1164,85.6626,0,0,0,phone_events_mn,31.0000,0.0000,0.0000,,0.0000,off,0.0000,0.0000,val
30.0000,625.5132,31.6012,5.0520,25.3107,30.3094,49.0517,1.3485,0.9802,5.0363,8.3080,5.5651,20.9020,Vfa01,0,300.0000,D,D: ML + EKF + NHC + map,2.4162,413.8712,285,295,57,0,0.3808,91.1739,0,0,0,phone_events_mn,32.0000,0.0000,0.0000,,0.0000,off,0.0000,0.0000,val
30.0000,587.9765,37.2452,6.3345,16.9527,19.2626,37.2452,2.2639,1.9827,3.4401,2.0472,6.2698,23.9010,Vfa01,0,450.0000,D,D: ML + EKF + NHC + map,2.3688,422.1631,285,277,57,0,0.2648,98.8355,0,0,0,phone_events_mn,33.0000,0.0000,0.0000,,0.0000,off,0.0000,0.0000,val
30.0000,760.8882,180.9009,23.7750,78.8993,87.4360,180.9009,3.3672,2.9013,4.7907,5.8625,12.8933,13.9000,Vfa01,0,615.0000,D,D: ML + EKF + NHC + map,2.6589,376.0980,285,244,0,0,0.3402,97.2204,0,0,0,phone_events_mn,31.0000,0.0000,0.0000,,0.0000,off,0.0000,0.0000,val
30.0000,495.2327,198.6895,40.1204,136.9914,139.4445,198.6895,5.2915,4.1956,8.5934,17.5786,9.9424,22.9010,Vfa01,0,750.0000,D,D: ML + EKF + NHC + map,2.4153,414.0330,285,295,0,0,0.3865,91.9120,1,0,0,phone_events_mn,31.0000,0.0000,0.0000,,0.0000,off,0.0000,0.0000,val
30.0000,384.4121,71.9800,18.7247,52.0888,52.7367,71.9800,5.7458,5.1937,7.4298,14.1189,2.4332,11.9010,Vfa01,0,900.0000,D,D: ML + EKF + NHC + map,2.2548,443.5007,285,248,0,0,0.3283,90.5205,1,0,0,phone_events_mn,32.0000,0.0000,0.0000,,0.0000,off,0.0000,0.0000,val
30.0000,340.0709,426.5196,125.4208,180.0983,224.1628,426.5196,4.3661,3.5272,61.3002,82.6421,1.5954,,Vfa01,0,1080.0000,D,D: ML + EKF + NHC + map,2.2280,448.8310,285,253,0,0,0.1946,74.4439,2,0,0,phone_events_mn,29.0000,0.0000,0.0000,,0.0000,off,0.0000,0.0000,val
60.0000,1339.6855,89.6186,6.6895,49.4906,59.2824,111.9421,3.7747,2.6551,6.9057,5.0706,7.4235,17.9010,Vfa01,0,300.0000,D,D: ML + EKF + NHC + map,2.3070,433.4695,585,594,117,0,0.3808,91.1739,0,0,0,phone_events_mn,32.0000,0.0000,0.0000,,0.0000,off,0.0000,0.0000,val
60.0000,964.1739,285.6771,29.6292,69.5868,103.3937,285.6771,4.0300,3.5724,20.2679,48.4511,11.4853,,Vfa01,0,450.0000,D,D: ML + EKF + NHC + map,2.4438,409.1922,585,557,71,0,0.2648,98.8355,0,0,0,phone_events_mn,33.0000,0.0000,0.0000,,0.0000,off,0.0000,0.0000,val
60.0000,1497.4792,637.6368,42.5807,297.6335,345.9845,637.6368,8.7595,8.3334,16.1730,25.0375,3.7545,,Vfa01,0,600.0000,D,D: ML + EKF + NHC + map,2.6173,382.0759,585,508,0,0,0.3365,92.6023,0,0,0,phone_events_mn,31.0000,0.0000,0.0000,,0.0000,off,0.0000,0.0000,val
60.0000,1010.7968,338.0251,33.4414,128.3035,160.3841,338.0251,5.2922,4.2751,26.2576,41.1060,13.4229,22.9010,Vfa01,0,720.0000,D,D: ML + EKF + NHC + map,2.5974,385.0072,585,581,0,0,0.3573,90.5664,1,0,0,phone_events_mn,31.0000,0.0000,0.0000,,0.0000,off,0.0000,0.0000,val
60.0000,858.4063,307.1899,35.7861,119.3776,147.2138,307.1899,4.1407,3.3694,23.5285,47.4263,8.3252,11.9010,Vfa01,0,870.0000,D,D: ML + EKF + NHC + map,2.4766,403.7785,585,515,0,0,0.3365,92.5583,1,0,0,phone_events_mn,32.0000,0.0000,0.0000,,0.0000,off,0.0000,0.0000,val
60.0000,587.2390,290.0108,49.3855,93.5414,116.5007,290.0108,2.9818,2.3043,30.6800,68.3542,8.8433,9.9040,Vfa01,0,1050.0000,D,D: ML + EKF + NHC + map,2.6957,370.9614,585,507,0,0,0.2228,77.6971,2,0,0,phone_events_mn,29.0000,0.0000,0.0000,,0.0000,off,0.0000,0.0000,val
120.0000,2607.5571,317.6663,12.1825,143.1440,180.5530,328.6116,4.1498,3.4866,8.5047,5.4956,15.7821,29.9010,Vfa01,0,300.0000,D,D: ML + EKF + NHC + map,2.5567,391.1307,1185,1143,166,0,0.3808,91.1739,0,0,0,phone_events_mn,32.0000,0.0000,0.0000,,0.0000,off,0.0000,0.0000,val
120.0000,1853.9375,450.4894,24.2991,182.3435,246.2044,478.2236,4.2416,3.5199,23.9468,131.3177,11.0301,28.9020,Vfa01,0,420.0000,D,D: ML + EKF + NHC + map,2.5496,392.2202,1185,1072,131,0,0.3472,92.6994,0,0,0,phone_events_mn,32.0000,0.0000,0.0000,,0.0000,off,0.0000,0.0000,val
120.0000,2275.4640,1241.3581,54.5541,345.2719,495.9524,1241.3581,10.7150,9.4686,34.3924,78.5988,15.0106,,Vfa01,0,540.0000,D,D: ML + EKF + NHC + map,2.5691,389.2351,1185,1041,17,0,0.2375,98.5366,0,0,0,phone_events_mn,32.0000,0.0000,0.0000,,0.0000,off,0.0000,0.0000,val
120.0000,1830.1519,938.9438,51.3041,412.5108,521.9123,938.9438,4.0631,3.1006,34.6682,60.9576,21.6358,22.8010,Vfa01,0,720.0000,D,D: ML + EKF + NHC + map,2.2866,437.3267,1185,1155,0,0,0.3573,90.5664,1,0,0,phone_events_mn,31.0000,0.0000,0.0000,,0.0000,off,0.0000,0.0000,val
120.0000,1627.3294,124.3368,7.6405,60.2197,65.3047,124.3368,4.3156,3.8301,9.3346,17.6119,5.5519,17.9010,Vfa01,0,840.0000,D,D: ML + EKF + NHC + map,2.2944,435.8465,1185,1026,0,0,0.3593,90.1878,2,0,0,phone_events_mn,31.0000,0.0000,0.0000,,0.0000,off,0.0000,0.0000,val
120.0000,825.7010,171.1342,20.7259,42.8804,63.5308,171.1342,2.0849,1.3723,14.8893,4.0489,6.3500,12.9010,Vfa01,0,960.0000,D,D: ML + EKF + NHC + map,2.4009,416.5101,1186,1083,0,0,0.2763,86.5204,0,0,0,phone_events_mn,32.0000,0.0000,0.0000,,0.0000,off,0.0000,0.0000,val
30.0000,394.1462,120.7816,30.6439,47.1092,60.8403,120.7816,4.2603,3.3949,3.6535,3.0665,6.4319,27.8990,S1,0,300.0000,D,D: ML + EKF + NHC + map,2.0409,489.9902,286,300,58,0,0.4282,67.8254,0,0,0,phone_events_mn,26.0000,0.0000,0.0000,,0.0000,off,0.0000,0.0000,test
30.0000,118.3173,35.3274,29.8582,11.5416,15.1786,35.3274,1.0391,0.8108,14.0199,17.0617,2.1101,11.0010,S1,0,1185.0000,D,D: ML + EKF + NHC + map,2.4768,403.7466,284,295,0,0,0.2353,88.0925,0,0,0,phone_events_mn,30.0000,0.0000,0.0000,,0.0000,off,0.0000,0.0000,test
30.0000,287.8600,57.4768,19.9669,22.7786,27.4496,57.4768,3.4450,2.8727,9.7417,23.9379,1.3386,11.3990,S1,0,2145.0000,D,D: ML + EKF + NHC + map,2.6411,378.6235,286,300,0,0,0.3428,49.4359,0,0,0,phone_events_mn,32.0000,0.0000,0.0000,,0.0000,off,0.0000,0.0000,test
30.0000,162.7101,13.0927,8.0466,6.3589,7.2439,13.0927,0.7939,0.6130,2.9450,7.4184,1.0045,,S1,0,3060.0000,D,D: ML + EKF + NHC + map,2.3705,421.8475,284,261,0,0,0.2934,57.9714,0,0,0,phone_events_mn,33.0000,0.0000,0.0000,,0.0000,off,0.0000,0.0000,test
30.0000,177.0207,54.5321,30.8055,24.6305,28.2412,54.5321,1.4852,1.1310,13.2954,20.8561,1.3672,18.9990,S1,0,3960.0000,D,D: ML + EKF + NHC + map,2.2451,445.4125,286,301,0,0,0.3044,64.1845,0,0,0,phone_events_mn,32.0000,0.0000,0.0000,,0.0000,off,0.0000,0.0000,test
30.0000,101.9300,20.8690,20.4739,15.8568,17.1780,21.6876,1.5909,1.1599,1.6747,5.8805,0.6277,,S1,0,5055.0000,D,D: ML + EKF + NHC + map,2.3371,427.8797,285,300,57,0,0.2272,77.2651,0,0,0,phone_events_mn,23.0000,0.0000,0.0000,,0.0000,off,0.0000,0.0000,test
60.0000,819.6284,187.7057,22.9013,106.0650,125.1177,191.6383,4.0935,3.5605,8.9530,22.5560,7.0456,15.9990,S1,0,300.0000,D,D: ML + EKF + NHC + map,2.1844,457.8010,586,600,118,0,0.4282,67.8254,0,0,0,phone_events_mn,26.0000,0.0000,0.0000,,0.0000,off,0.0000,0.0000,test
60.0000,474.6477,28.5536,6.0157,16.8215,18.4604,31.4016,1.9962,1.7473,6.6968,21.2803,1.1155,7.9990,S1,0,1230.0000,D,D: ML + EKF + NHC + map,2.2259,449.2483,586,581,0,0,0.2403,82.9465,0,0,0,phone_events_mn,31.0000,0.0000,0.0000,,0.0000,off,0.0000,0.0000,test
60.0000,567.4469,232.3116,40.9398,129.7772,142.6944,232.3116,2.7135,2.3526,21.7261,26.8989,8.5292,11.4990,S1,0,2130.0000,D,D: ML + EKF + NHC + map,2.4191,413.3752,585,585,0,0,0.3115,45.1746,0,0,0,phone_events_mn,31.0000,0.0000,0.0000,,0.0000,off,0.0000,0.0000,test
60.0000,342.2292,57.7110,16.8632,19.4729,25.1956,57.7110,1.4016,1.1019,9.3727,18.7043,1.5234,29.0000,S1,0,3060.0000,D,D: ML + EKF + NHC + map,2.5885,386.3208,585,542,0,0,0.2934,57.9714,0,0,0,phone_events_mn,33.0000,0.0000,0.0000,,0.0000,off,0.0000,0.0000,test
60.0000,419.1626,108.0201,25.7704,52.0054,60.3527,108.0201,2.1608,1.5812,17.6099,23.9085,4.1093,16.0000,S1,0,3960.0000,D,D: ML + EKF + NHC + map,2.5495,392.2327,586,596,0,0,0.3044,64.1845,0,0,0,phone_events_mn,32.0000,0.0000,0.0000,,0.0000,off,0.0000,0.0000,test
60.0000,187.2536,44.4968,23.7628,17.6005,21.1713,46.0526,1.7715,1.2113,1.9135,3.8228,1.4643,,S1,0,5040.0000,D,D: ML + EKF + NHC + map,2.4961,400.6303,585,600,117,0,0.2220,74.5802,0,0,0,phone_events_mn,23.0000,0.0000,0.0000,,0.0000,off,0.0000,0.0000,test
120.0000,1539.0428,695.0049,45.1583,234.6320,294.8096,695.0049,3.2146,2.5964,30.3427,63.9899,1.5295,,S1,0,300.0000,D,D: ML + EKF + NHC + map,2.3926,417.9630,1186,1191,135,0,0.4282,67.8254,0,0,0,phone_events_mn,26.0000,0.0000,0.0000,,0.0000,off,0.0000,0.0000,test
120.0000,892.7171,461.0291,51.6434,222.1948,270.5093,461.0291,1.7111,1.4163,27.1489,26.2302,12.7004,14.0000,S1,0,1200.0000,D,D: ML + EKF + NHC + map,2.5257,395.9225,1186,1168,0,0,0.2336,78.4332,0,0,0,phone_events_mn,32.0000,0.0000,0.0000,,0.0000,off,0.0000,0.0000,test
120.0000,1026.2289,715.0401,69.6765,248.7840,326.7854,715.0401,3.1090,2.3090,42.3774,84.7691,1.6019,,S1,0,2160.0000,D,D: ML + EKF + NHC + map,2.4835,402.6527,1185,1156,0,0,0.3646,50.5488,0,0,0,phone_events_mn,33.0000,0.0000,0.0000,,0.0000,off,0.0000,0.0000,test
120.0000,603.5219,167.5783,27.7667,64.9010,84.0741,167.5783,1.3412,1.0202,22.8581,46.4128,3.7948,,S1,0,3060.0000,D,D: ML + EKF + NHC + map,2.3213,430.7931,1185,1101,0,0,0.2934,57.9714,0,0,0,phone_events_mn,33.0000,0.0000,0.0000,,0.0000,off,0.0000,0.0000,test
120.0000,778.3688,319.1004,40.9960,80.5725,120.0206,319.1004,2.3668,1.8703,31.0970,62.6066,6.5636,13.0000,S1,0,4020.0000,D,D: ML + EKF + NHC + map,2.4170,413.7355,1185,1156,0,0,0.3717,78.6340,0,0,0,phone_events_mn,32.0000,0.0000,0.0000,,0.0000,off,0.0000,0.0000,test
120.0000,750.5923,97.0479,12.9295,66.4732,67.6683,98.7539,1.3558,0.9759,4.6387,0.0885,0.7576,,S1,0,4980.0000,D,D: ML + EKF + NHC + map,2.4954,400.7397,1185,1200,237,0,0.2120,85.8501,0,0,0,phone_events_mn,24.0000,0.0000,0.0000,,0.0000,off,0.0000,0.0000,test
30.0000,525.5802,265.9195,50.5954,172.6905,186.0033,265.9195,9.5622,9.3244,6.8762,22.2000,27.0692,15.9010,M,0,300.0000,D,D: ML + EKF + NHC + map,2.5235,396.2813,285,300,0,0,0.8857,54.3598,0,0,0,phone_events_mn,30.0000,0.0000,0.0000,,0.0000,off,0.0000,0.0000,test
30.0000,199.1823,60.2001,30.2236,35.8476,39.4769,65.1742,1.7558,1.4790,11.4705,21.8329,2.6768,24.9010,M,0,2175.0000,D,D: ML + EKF + NHC + map,2.3625,423.2865,285,273,0,0,0.6112,72.8498,0,0,0,phone_events_mn,28.0000,0.0000,0.0000,,0.0000,off,0.0000,0.0000,test
30.0000,414.8864,36.7748,8.8638,10.1377,13.6982,36.7748,0.6988,0.5023,1.3158,0.5174,2.0245,14.0010,M,0,4035.0000,D,D: ML + EKF + NHC + map,2.6596,375.9914,285,298,57,0,0.6169,93.8440,0,0,0,phone_events_mn,31.0000,0.0000,0.0000,,0.0000,off,0.0000,0.0000,test
30.0000,270.6088,59.8351,22.1113,24.5601,28.2905,59.8351,2.2897,1.5534,6.0673,1.3335,1.6694,25.7990,M,2,6774.1240,D,D: ML + EKF + NHC + map,2.5294,395.3574,285,300,0,0,0.5110,60.3129,0,0,0,phone_events_mn,30.0000,0.0000,0.0000,,0.0000,off,0.0000,0.0000,test
30.0000,216.3940,25.6522,11.8544,8.5704,10.8226,25.6522,1.5879,1.2874,1.3214,2.2314,1.1669,10.1990,M,2,8739.1240,D,D: ML + EKF + NHC + map,2.2852,437.5982,285,300,0,0,0.6277,46.3310,0,0,0,phone_events_mn,32.0000,0.0000,0.0000,,0.0000,off,0.0000,0.0000,test
30.0000,144.4625,9.5684,6.6235,9.0056,9.3045,13.5010,1.5865,1.0856,8.4731,5.5293,0.5119,,M,2,10524.1240,D,D: ML + EKF + NHC + map,2.3267,429.7951,284,240,0,0,0.5275,68.9748,0,0,0,phone_events_mn,31.0000,0.0000,0.0000,,0.0000,off,0.0000,0.0000,test
60.0000,1010.3487,357.1522,35.3494,244.8232,260.8019,357.1522,7.5058,6.9451,8.2562,3.4292,12.6439,12.9000,M,0,300.0000,D,D: ML + EKF + NHC + map,2.3972,417.1599,585,600,35,0,0.8857,54.3598,0,0,0,phone_events_mn,30.0000,0.0000,0.0000,,0.0000,off,0.0000,0.0000,test
60.0000,386.3854,32.6595,8.4526,27.4582,29.4712,37.8459,1.5023,1.1889,5.2878,2.0677,1.4840,3.9010,M,0,2130.0000,D,D: ML + EKF + NHC + map,2.3012,434.5568,585,570,0,0,0.6173,72.5566,0,0,0,phone_events_mn,30.0000,0.0000,0.0000,,0.0000,off,0.0000,0.0000,test
60.0000,173.8759,12.4261,7.1465,9.5557,9.8963,16.4220,0.6737,0.4614,1.9150,2.5430,1.5407,19.0000,M,0,4140.0000,D,D: ML + EKF + NHC + map,2.4802,403.1935,585,600,117,0,0.4547,86.6071,0,0,0,phone_events_mn,24.0000,0.0000,0.0000,,0.0000,off,0.0000,0.0000,test
60.0000,436.9120,44.8474,10.2646,37.6806,39.2493,53.2759,3.5987,2.9610,8.9572,10.3166,1.7763,25.7990,M,2,6789.1240,D,D: ML + EKF + NHC + map,2.5847,386.8979,584,599,0,0,0.5573,58.6466,0,0,0,phone_events_mn,30.0000,0.0000,0.0000,,0.0000,off,0.0000,0.0000,test
60.0000,545.0209,44.3821,8.1432,32.9641,35.3833,58.3938,1.0658,0.8767,4.9713,3.9449,1.0505,9.8050,M,2,8649.1240,D,D: ML + EKF + NHC + map,2.5509,392.0205,585,553,0,0,0.5878,49.9330,0,0,0,phone_events_mn,32.0000,0.0000,0.0000,,0.0000,off,0.0000,0.0000,test
60.0000,282.6365,35.2329,12.4658,20.6793,22.1753,36.4405,1.1279,0.7452,5.4372,8.8919,1.1303,14.7990,M,2,10479.1240,D,D: ML + EKF + NHC + map,2.3898,418.4403,585,552,0,0,0.4880,71.5026,0,0,0,phone_events_mn,33.0000,0.0000,0.0000,,0.0000,off,0.0000,0.0000,test
120.0000,1820.1742,361.1146,19.8396,302.6363,314.7272,379.5785,5.8647,4.9441,8.4953,23.5032,9.7071,15.9000,M,0,300.0000,D,D: ML + EKF + NHC + map,2.2258,449.2698,1185,1200,35,0,0.8857,54.3598,0,0,0,phone_events_mn,30.0000,0.0000,0.0000,,0.0000,off,0.0000,0.0000,test
120.0000,720.4282,122.9466,17.0658,64.0018,76.9926,127.1709,1.5055,1.1488,15.7197,18.1980,3.2618,5.6000,M,0,2100.0000,D,D: ML + EKF + NHC + map,2.3044,433.9536,1185,1115,0,0,0.5593,75.2390,0,0,0,phone_events_mn,30.0000,0.0000,0.0000,,0.0000,off,0.0000,0.0000,test
120.0000,429.9772,33.7168,7.8415,20.3882,23.9484,54.3445,1.4649,0.8135,5.3150,10.0856,4.6936,26.9010,M,0,4140.0000,D,D: ML + EKF + NHC + map,2.5696,389.1699,1185,1200,231,0,0.4547,86.6071,0,0,0,phone_events_mn,24.0000,0.0000,0.0000,,0.0000,off,0.0000,0.0000,test
120.0000,904.6886,85.9533,9.5009,55.9906,59.9285,90.6283,3.6876,3.1428,8.5696,12.2488,2.8944,10.7990,M,2,6789.1240,D,D: ML + EKF + NHC + map,2.3088,433.1167,1185,1196,0,0,0.5573,58.6466,0,0,0,phone_events_mn,30.0000,0.0000,0.0000,,0.0000,off,0.0000,0.0000,test
120.0000,1014.9004,152.5516,15.0312,95.7513,114.4188,202.6148,2.8689,2.5131,11.3530,10.3275,4.5743,9.8050,M,2,8589.1240,D,D: ML + EKF + NHC + map,2.2784,438.8960,1186,1152,0,0,0.7425,58.1970,0,0,0,phone_events_mn,33.0000,0.0000,0.0000,,0.0000,off,0.0000,0.0000,test
120.0000,1008.2964,311.8520,30.9286,110.6746,154.5289,311.8520,1.1858,0.9350,20.7963,40.4420,6.9258,26.7990,M,2,10389.1240,D,D: ML + EKF + NHC + map,2.4332,410.9790,1185,1178,0,0,0.6347,71.6002,0,0,0,phone_events_mn,33.0000,0.0000,0.0000,,0.0000,off,0.0000,0.0000,test
30.0000,501.2133,174.2992,34.7754,122.8891,132.6897,174.2992,5.6736,5.3085,3.5508,4.9548,6.8770,12.9990,S3c,0,300.0000,D,D: ML + EKF + NHC + map,2.5316,395.0110,285,300,0,0,0.3750,-55.3379,0,0,0,phone_lag_fixed_mn,29.0000,0.1000,0.0000,,0.1000,fixed,32.0000,0.0000,val
30.0000,376.7845,110.5856,29.3498,71.0301,77.2541,110.5856,1.9790,1.6884,2.2840,2.4352,5.4646,,S3c,0,975.0000,D,D: ML + EKF + NHC + map,2.6473,377.7363,285,299,0,0,0.5151,-67.1540,0,0,0,phone_lag_fixed_mn,30.0000,0.1000,0.0000,,0.1000,fixed,32.0000,1.0000,val
30.0000,323.3899,38.6618,11.9552,46.1106,46.2334,51.8268,3.5800,3.2187,4.8728,8.0393,2.5960,27.9010,S3c,0,1590.0000,D,D: ML + EKF + NHC + map,2.3886,418.6600,285,283,19,0,0.4088,-86.8128,0,0,0,phone_lag_fixed_mn,32.0000,0.1000,0.0000,,0.1000,fixed,36.0000,0.0000,val
30.0000,372.9973,65.0033,17.4273,18.6933,24.0084,65.0033,2.0275,1.4661,2.9249,0.4350,4.4746,13.9990,S3c,0,2340.0000,D,D: ML + EKF + NHC + map,2.1362,468.1174,287,301,0,0,0.2669,-74.5974,0,0,0,phone_lag_fixed_mn,26.0000,0.1000,0.0000,,0.1000,fixed,29.0000,0.0000,val
30.0000,528.8802,136.0929,25.7323,83.9898,90.2126,136.0929,5.4315,5.2429,4.8820,3.0130,6.1651,10.9990,S3c,0,2955.0000,D,D: ML + EKF + NHC + map,2.3108,432.7466,286,300,0,0,0.3309,-120.7105,0,0,0,phone_lag_fixed_mn,32.0000,0.1000,0.0000,,0.1000,fixed,36.0000,0.0000,val
30.0000,195.0372,58.8245,30.1607,34.1856,38.4931,61.2045,5.4954,4.6154,4.9529,8.9230,0.9597,,S3c,0,3645.0000,D,D: ML + EKF + NHC + map,2.4795,403.3037,285,300,0,0,0.2162,-103.0373,0,0,0,phone_lag_fixed_mn,26.0000,0.1000,0.0000,,0.1000,fixed,29.0000,0.0000,val
60.0000,668.6532,237.3378,35.4949,167.9499,178.2300,246.5680,5.1839,4.8985,2.6723,3.8751,5.4238,9.9990,S3c,0,300.0000,D,D: ML + EKF + NHC + map,2.2033,453.8574,586,601,0,0,0.3750,-55.3379,0,0,0,phone_lag_fixed_mn,29.0000,0.1000,0.0000,,0.1000,fixed,32.0000,1.0000,val
60.0000,757.1978,171.6869,22.6740,71.1791,86.9400,171.8560,2.5325,2.1608,4.5568,14.1947,7.4920,15.9990,S3c,0,960.0000,D,D: ML + EKF + NHC + map,2.3873,418.8903,585,600,0,0,0.5181,-66.8404,0,0,0,phone_lag_fixed_mn,30.0000,0.1000,0.0000,,0.1000,fixed,33.0000,0.0000,val
60.0000,665.5684,106.5679,16.0116,51.7589,54.7633,106.5679,4.1935,3.8222,9.4965,23.2789,3.3597,16.0000,S3c,0,1590.0000,D,D: ML + EKF + NHC + map,2.4352,410.6491,586,584,19,0,0.4088,-86.8128,0,0,0,phone_lag_fixed_mn,32.0000,0.1000,0.0000,,0.1000,fixed,35.0000,0.0000,val
60.0000,611.1491,96.4314,15.7787,60.0694,68.4100,121.5629,3.3343,2.4414,9.8553,5.5396,3.9525,17.8000,S3c,0,2280.0000,D,D: ML + EKF + NHC + map,2.6651,375.2135,584,578,111,0,0.2908,-105.6315,0,0,0,phone_lag_fixed_mn,23.0000,0.1000,0.0000,,0.1000,fixed,26.0000,0.0000,val
60.0000,948.1185,275.5499,29.0628,145.1201,168.5830,275.5499,5.7724,5.1104,3.2176,3.1125,10.2984,17.0000,S3c,0,2910.0000,D,D: ML + EKF + NHC + map,2.3108,432.7461,586,574,0,0,0.3606,-104.7447,0,0,0,phone_lag_fixed_mn,32.0000,0.1000,0.0000,,0.1000,fixed,35.0000,0.0000,val
60.0000,519.1449,66.1492,12.7420,36.9485,38.8986,66.2760,4.7023,3.6764,4.1207,4.1662,1.9335,23.0000,S3c,0,3600.0000,D,D: ML + EKF + NHC + map,2.2923,436.2336,586,592,0,0,0.2461,-99.0741,0,0,0,phone_lag_fixed_mn,26.0000,0.1000,0.0000,,0.1000,fixed,29.0000,0.0000,val
120.0000,1231.5641,208.2226,16.9072,186.8026,194.8192,281.4768,7.0688,6.3387,3.4455,10.9730,5.0638,13.0000,S3c,0,300.0000,D,D: ML + EKF + NHC + map,2.2868,437.2964,1186,1201,0,0,0.3750,-55.3379,0,0,0,phone_lag_fixed_mn,29.0000,0.1000,0.0000,,0.1000,fixed,31.0000,1.0000,val
120.0000,2013.9329,768.1797,38.1433,226.3038,304.7451,768.1797,5.9297,4.1320,13.5774,30.2846,9.3485,,S3c,0,960.0000,D,D: ML + EKF + NHC + map,2.5836,387.0619,1184,1199,0,0,0.5181,-66.8404,0,0,0,phone_lag_fixed_mn,30.0000,0.1000,0.0000,,0.1000,fixed,33.0000,1.0000,val
120.0000,1146.5859,172.2179,15.0201,97.7732,101.7574,172.2179,4.1409,3.2186,20.2631,28.6234,5.6012,15.9990,S3c,0,1620.0000,D,D: ML + EKF + NHC + map,2.3924,417.9987,1186,1132,0,0,0.4318,-96.5314,0,0,0,phone_lag_fixed_mn,32.0000,0.1000,0.0000,,0.1000,fixed,35.0000,0.0000,val
120.0000,1194.9070,332.9138,27.8611,211.9380,248.6022,344.3727,6.1394,4.6807,9.1123,26.1827,1.5469,,S3c,0,2220.0000,D,D: ML + EKF + NHC + map,2.2664,441.2227,1185,1178,167,0,0.3288,-113.6601,0,0,0,phone_lag_fixed_mn,23.0000,0.1000,0.0000,,0.1000,fixed,26.0000,0.0000,val
120.0000,1681.1988,417.8349,24.8534,207.4005,240.4085,417.8349,5.8741,4.6227,2.9254,3.7092,12.7749,22.9990,S3c,0,2880.0000,D,D: ML + EKF + NHC + map,2.4527,407.7197,1180,1160,0,0,0.4148,-89.7478,0,0,0,phone_lag_fixed_mn,33.0000,0.1000,0.0000,,0.1000,fixed,35.0000,1.0000,val
120.0000,839.0200,97.4673,11.6168,74.8648,91.4877,214.8672,5.2291,3.9231,11.1083,20.7533,2.5685,23.0000,S3c,0,3540.0000,D,D: ML + EKF + NHC + map,2.2869,437.2810,1187,1171,58,0,0.3196,-131.1233,0,0,0,phone_lag_fixed_mn,28.0000,0.1000,0.0000,,0.1000,fixed,31.0000,0.0000,val
30.0000,134.3178,33.7733,25.1443,26.6523,26.7913,33.7733,2.0519,1.6823,9.9681,8.4059,2.2658,26.7000,Vta16,0,315.0000,D,D: ML + EKF + NHC + map,2.3275,429.6410,285,270,0,0,0.0721,-109.7960,0,0,0,phone_lag_fixed_mn,32.0000,0.1000,0.0000,,0.1000,fixed,35.0000,0.0000,val
30.0000,250.9996,106.4028,42.3916,48.1815,57.0796,106.4028,2.5592,2.0084,12.3694,2.8763,3.6563,,Vta16,0,495.0000,D,D: ML + EKF + NHC + map,2.4874,402.0247,285,287,0,0,0.1662,94.1845,0,0,0,phone_lag_fixed_mn,29.0000,0.1000,0.0000,,0.1000,fixed,32.0000,0.0000,val
30.0000,484.6937,358.3376,73.9307,176.2494,196.1367,358.3376,9.1763,8.8019,47.5586,91.7011,2.3427,,Vta16,0,630.0000,D,D: ML + EKF + NHC + map,2.6558,376.5386,286,281,0,0,0.1089,87.5909,0,0,0,phone_lag_fixed_mn,29.0000,0.1000,0.0000,,0.1000,fixed,32.0000,0.0000,val
30.0000,478.4390,114.5937,23.9516,40.6497,48.5435,114.5937,4.2041,4.0573,11.9363,35.0397,4.0316,27.7000,Vta16,0,780.0000,D,D: ML + EKF + NHC + map,2.4822,402.8727,285,292,0,0,0.0913,65.3252,0,0,0,phone_lag_fixed_mn,32.0000,0.1000,0.0000,,0.1000,fixed,36.0000,0.0000,val
30.0000,452.7418,443.9351,98.0548,196.7131,232.5859,443.9351,9.9612,9.7361,68.8839,94.8028,1.9722,,Vta16,0,930.0000,D,D: ML + EKF + NHC + map,2.3004,434.7141,286,273,0,0,0.1263,89.1687,0,0,0,phone_lag_fixed_mn,32.0000,0.1000,0.0000,,0.1000,fixed,35.0000,0.0000,val
30.0000,319.6200,94.8478,29.6752,38.6721,45.6396,94.8478,5.1585,4.2192,23.7924,66.5196,7.2861,13.7000,Vta16,0,1065.0000,D,D: ML + EKF + NHC + map,2.2411,446.2179,285,241,25,0,0.0712,-175.3083,0,0,0,phone_lag_fixed_mn,32.0000,0.1000,0.0000,,0.1000,fixed,34.0000,1.0000,val
60.0000,310.3378,82.3463,26.5344,38.5147,44.3885,82.3463,2.5650,2.1647,21.6279,27.8398,2.9598,,Vta16,0,300.0000,D,D: ML + EKF + NHC + map,2.3645,422.9195,585,565,0,0,0.0675,-91.5748,0,0,0,phone_lag_fixed_mn,32.0000,0.1000,0.0000,,0.1000,fixed,34.0000,0.0000,val
60.0000,387.7785,116.9120,30.1492,50.0014,58.0377,116.9120,4.8441,3.7485,27.0628,29.9390,4.5430,12.7000,Vta16,0,450.0000,D,D: ML + EKF + NHC + map,2.5077,398.7656,586,558,0,0,0.0749,-148.1569,0,0,0,phone_lag_fixed_mn,29.0000,0.1000,0.0000,,0.1000,fixed,32.0000,0.0000,val
60.0000,946.8757,570.5352,60.2545,258.0824,288.2251,570.5352,9.5003,9.1325,36.9677,105.5797,2.9443,,Vta16,0,600.0000,D,D: ML + EKF + NHC + map,2.4604,406.4402,586,574,0,0,0.1038,96.3272,0,0,0,phone_lag_fixed_mn,29.0000,0.1000,0.0000,,0.1000,fixed,32.0000,0.0000,val
60.0000,924.7404,1103.8215,119.3655,546.0800,623.2074,1103.8215,3.0315,2.8187,71.3647,81.8949,6.5022,,Vta16,0,720.0000,D,D: ML + EKF + NHC + map,2.2702,440.4827,585,583,0,0,0.1405,77.5551,0,0,0,phone_lag_fixed_mn,32.0000,0.1000,0.0000,,0.1000,fixed,35.0000,0.0000,val
60.0000,724.0586,86.7571,11.9821,114.4040,118.8243,143.1137,5.6053,4.2574,16.7944,63.8797,6.2481,16.7000,Vta16,0,870.0000,D,D: ML + EKF + NHC + map,2.2623,442.0342,585,525,0,0,0.0887,58.5492,0,0,0,phone_lag_fixed_mn,31.0000,0.1000,0.0000,,0.1000,fixed,34.0000,0.0000,val
60.0000,703.5992,54.6695,7.7700,41.3346,48.6632,88.8414,3.2235,2.7618,6.7710,14.2525,5.6579,19.6990,Vta16,0,1020.0000,D,D: ML + EKF + NHC + map,2.4515,407.9185,585,515,103,0,0.0899,150.8163,0,0,0,phone_lag_fixed_mn,32.0000,0.1000,0.0000,,0.1000,fixed,36.0000,0.0000,val
120.0000,482.4017,192.1903,39.8403,80.5352,95.2436,204.2720,3.5854,2.3654,24.9675,39.5301,4.8348,21.7000,Vta16,0,300.0000,D,D: ML + EKF + NHC + map,2.3826,419.7126,1185,1100,0,0,0.0675,-91.5748,0,0,0,phone_lag_fixed_mn,32.0000,0.1000,0.0000,,0.1000,fixed,35.0000,0.0000,val
120.0000,777.1058,224.2902,28.8622,82.7376,107.5766,224.9539,4.3682,3.3517,28.5677,57.9006,9.0286,10.1000,Vta16,0,420.0000,D,D: ML + EKF + NHC + map,2.4143,414.1958,1185,1114,0,0,0.0977,-116.2512,0,0,0,phone_lag_fixed_mn,29.0000,0.1000,0.0000,,0.1000,fixed,33.0000,0.0000,val
120.0000,1767.7630,667.1758,37.7412,242.0116,289.9553,667.1758,8.6479,7.7923,21.6716,87.1299,15.6385,15.7000,Vta16,0,540.0000,D,D: ML + EKF + NHC + map,2.3660,422.6549,1186,1168,0,0,0.1192,79.5584,0,0,0,phone_lag_fixed_mn,29.0000,0.1000,0.0000,,0.1000,fixed,32.0000,0.0000,val
120.0000,1759.3129,2255.9776,128.2306,1142.6426,1334.5870,2258.8231,2.7028,2.3748,91.5500,121.8305,3.4709,,Vta16,0,720.0000,D,D: ML + EKF + NHC + map,2.3916,418.1359,1185,1141,0,0,0.1405,77.5551,0,0,0,phone_lag_fixed_mn,32.0000,0.1000,0.0000,,0.1000,fixed,33.0000,1.0000,val
120.0000,1349.2278,518.7258,38.4461,401.2867,461.5374,680.8710,6.5052,4.8903,49.3511,34.4986,3.9713,,Vta16,0,840.0000,D,D: ML + EKF + NHC + map,2.4855,402.3331,1185,1084,0,0,0.0687,63.2073,0,0,0,phone_lag_fixed_mn,33.0000,0.1000,0.0000,,0.1000,fixed,36.0000,0.0000,val
120.0000,1573.1280,884.4557,56.2227,434.8876,490.6836,884.4557,3.7171,2.9147,41.7941,31.1070,7.9837,,Vta16,0,960.0000,D,D: ML + EKF + NHC + map,2.4519,407.8440,1185,1029,0,0,0.1164,85.6626,0,0,0,phone_lag_fixed_mn,31.0000,0.1000,0.0000,,0.1000,fixed,35.0000,0.0000,val
30.0000,625.5132,32.7027,5.2281,25.8373,31.1742,49.8957,1.4819,1.0969,4.9501,7.8919,5.4690,20.9020,Vfa01,0,300.0000,D,D: ML + EKF + NHC + map,2.2772,439.1448,285,295,57,0,0.3808,91.1739,0,0,0,phone_lag_fixed_mn,32.0000,0.1000,0.0000,,0.1000,fixed,36.0000,0.0000,val
30.0000,587.9765,36.6661,6.2360,18.2576,20.7669,37.0050,2.2449,1.9749,3.5083,2.6283,6.2779,23.9010,Vfa01,0,450.0000,D,D: ML + EKF + NHC + map,2.5010,399.8356,285,277,57,0,0.2648,98.8355,0,0,0,phone_lag_fixed_mn,33.0000,0.1000,0.0000,,0.1000,fixed,36.0000,0.0000,val
30.0000,760.8882,181.1910,23.8131,76.0698,86.8520,181.1910,3.3735,2.9106,6.6367,3.3862,13.6578,13.9000,Vfa01,0,615.0000,D,D: ML + EKF + NHC + map,2.7540,363.1081,285,245,0,0,0.3402,97.2204,0,0,0,phone_lag_fixed_mn,31.0000,0.1000,0.0000,,0.1000,fixed,33.0000,1.0000,val
30.0000,495.2327,190.4255,38.4517,130.1921,132.5528,190.4255,5.2355,4.1554,7.8466,17.4372,9.6975,13.9010,Vfa01,0,750.0000,D,D: ML + EKF + NHC + map,2.4736,404.2609,285,295,0,0,0.3865,91.9120,1,0,0,phone_lag_fixed_mn,31.0000,0.1000,0.0000,,0.1000,fixed,34.0000,0.0000,val
30.0000,384.4121,66.6619,17.3413,50.5894,51.1789,66.6619,5.7371,5.1750,6.7035,12.5490,2.3105,11.9010,Vfa01,0,900.0000,D,D: ML + EKF + NHC + map,2.3403,427.2957,285,248,0,0,0.3283,90.5205,1,0,0,phone_lag_fixed_mn,32.0000,0.1000,0.0000,,0.1000,fixed,36.0000,0.0000,val
30.0000,340.0709,435.8027,128.1506,184.4631,229.2739,435.8027,4.3548,3.5188,62.9142,84.7273,1.5934,,Vfa01,0,1080.0000,D,D: ML + EKF + NHC + map,2.3165,431.6847,285,253,0,0,0.1946,74.4439,2,0,0,phone_lag_fixed_mn,29.0000,0.1000,0.0000,,0.1000,fixed,32.0000,0.0000,val
60.0000,1339.6855,95.9693,7.1636,52.0502,62.9165,121.0904,4.0123,2.8237,6.9138,5.1617,7.6878,17.9010,Vfa01,0,300.0000,D,D: ML + EKF + NHC + map,2.2945,435.8245,585,594,117,0,0.3808,91.1739,0,0,0,phone_lag_fixed_mn,32.0000,0.1000,0.0000,,0.1000,fixed,34.0000,1.0000,val
60.0000,964.1739,286.4529,29.7097,69.9764,103.5064,286.4529,3.9160,3.4820,20.4634,48.7994,12.3821,11.9000,Vfa01,0,450.0000,D,D: ML + EKF + NHC + map,2.5484,392.4024,585,557,71,0,0.2648,98.8355,0,0,0,phone_lag_fixed_mn,33.0000,0.1000,0.0000,,0.1000,fixed,36.0000,0.0000,val
60.0000,1497.4792,607.0270,40.5366,282.9923,329.3135,607.0270,8.6838,8.2381,13.8877,21.1588,3.6956,,Vfa01,0,600.0000,D,D: ML + EKF + NHC + map,2.2238,449.6756,585,508,0,0,0.3365,92.6023,0,0,0,phone_lag_fixed_mn,31.0000,0.1000,0.0000,,0.1000,fixed,34.0000,0.0000,val
60.0000,1010.7968,319.8688,31.6452,122.3075,150.9800,319.8688,5.2890,4.2815,25.4495,39.7232,12.8357,19.9010,Vfa01,0,720.0000,D,D: ML + EKF + NHC + map,2.2723,440.0781,585,581,0,0,0.3573,90.5664,1,0,0,phone_lag_fixed_mn,31.0000,0.1000,0.0000,,0.1000,fixed,34.0000,0.0000,val
60.0000,858.4063,250.3833,29.1684,96.5218,118.6790,250.3833,4.1240,3.3487,19.1679,39.1550,6.7377,11.9010,Vfa01,0,870.0000,D,D: ML + EKF + NHC + map,2.3001,434.7728,585,515,0,0,0.3365,92.5583,1,0,0,phone_lag_fixed_mn,32.0000,0.1000,0.0000,,0.1000,fixed,36.0000,0.0000,val
60.0000,587.2390,294.0314,50.0701,94.5116,117.9886,294.0314,2.9878,2.3083,30.7972,68.8053,8.9550,9.9040,Vfa01,0,1050.0000,D,D: ML + EKF + NHC + map,2.3882,418.7232,585,507,0,0,0.2228,77.6971,2,0,0,phone_lag_fixed_mn,29.0000,0.1000,0.0000,,0.1000,fixed,32.0000,0.0000,val
120.0000,2607.5571,272.1831,10.4382,134.6283,164.5135,283.0741,4.4055,3.7167,9.3200,17.5923,13.4083,29.9010,Vfa01,0,300.0000,D,D: ML + EKF + NHC + map,2.3017,434.4635,1185,1143,167,0,0.3808,91.1739,0,0,0,phone_lag_fixed_mn,32.0000,0.1000,0.0000,,0.1000,fixed,36.0000,0.0000,val
120.0000,1853.9375,444.1330,23.9562,180.1759,243.1151,472.9841,4.2739,3.5401,23.6702,132.4719,10.8619,28.9020,Vfa01,0,420.0000,D,D: ML + EKF + NHC + map,2.3584,424.0085,1185,1072,131,0,0.3472,92.6994,0,0,0,phone_lag_fixed_mn,32.0000,0.1000,0.0000,,0.1000,fixed,34.0000,1.0000,val
120.0000,2275.4640,1167.7837,51.3207,323.4966,464.7393,1167.7837,10.4018,9.1740,31.5071,71.4169,14.3903,,Vfa01,0,540.0000,D,D: ML + EKF + NHC + map,2.5025,399.6071,1185,1040,17,0,0.2375,98.5366,0,0,0,phone_lag_fixed_mn,32.0000,0.1000,0.0000,,0.1000,fixed,35.0000,0.0000,val
120.0000,1830.1519,899.0573,49.1247,394.2048,498.9292,899.0573,4.0598,3.1001,33.4613,58.4499,20.8560,11.9000,Vfa01,0,720.0000,D,D: ML + EKF + NHC + map,2.5348,394.5016,1185,1155,0,0,0.3573,90.5664,1,0,0,phone_lag_fixed_mn,31.0000,0.1000,0.0000,,0.1000,fixed,35.0000,0.0000,val
120.0000,1627.3294,149.2995,9.1745,61.2068,69.1952,149.2995,4.3020,3.8141,9.8587,18.8686,6.4951,17.9010,Vfa01,0,840.0000,D,D: ML + EKF + NHC + map,2.4155,413.9983,1185,1027,0,0,0.3593,90.1878,2,0,0,phone_lag_fixed_mn,31.0000,0.1000,0.0000,,0.1000,fixed,34.0000,0.0000,val
120.0000,825.7010,182.0370,22.0464,47.4729,68.5961,182.0370,2.0858,1.3748,15.3784,5.1421,6.7016,12.9010,Vfa01,0,960.0000,D,D: ML + EKF + NHC + map,2.5599,390.6358,1186,1082,0,0,0.2763,86.5204,0,0,0,phone_lag_fixed_mn,32.0000,0.1000,0.0000,,0.1000,fixed,35.0000,0.0000,val
30.0000,394.1462,121.0103,30.7019,47.0811,60.9054,121.0103,4.2932,3.4103,3.6187,3.0961,6.4953,27.8990,S1,0,300.0000,D,D: ML + EKF + NHC + map,1.9791,505.2867,286,300,58,0,0.4282,67.8254,0,0,0,phone_lag_fixed_mn,26.0000,0.1000,0.0000,,0.1000,fixed,30.0000,0.0000,test
30.0000,118.3173,35.7027,30.1754,11.6077,15.2469,35.7027,1.0372,0.8152,14.1748,17.2237,2.1329,11.0010,S1,0,1185.0000,D,D: ML + EKF + NHC + map,2.1422,466.8109,284,295,0,0,0.2353,88.0925,0,0,0,phone_lag_fixed_mn,30.0000,0.1000,0.0000,,0.1000,fixed,33.0000,1.0000,test
30.0000,287.8600,63.2059,21.9572,25.8679,30.7735,63.2059,3.3835,2.8451,10.6585,25.4804,1.3341,19.9000,S1,0,2145.0000,D,D: ML + EKF + NHC + map,2.3706,421.8394,286,300,0,0,0.3428,49.4359,0,0,0,phone_lag_fixed_mn,32.0000,0.1000,0.0000,,0.1000,fixed,36.0000,0.0000,test
30.0000,162.7101,13.1383,8.0747,6.2540,7.1623,13.1383,0.7899,0.6130,2.9883,7.5241,1.0054,,S1,0,3060.0000,D,D: ML + EKF + NHC + map,2.3407,427.2204,284,261,0,0,0.2934,57.9714,0,0,0,phone_lag_fixed_mn,33.0000,0.1000,0.0000,,0.1000,fixed,35.0000,1.0000,test
30.0000,177.0207,57.5111,32.4883,26.4357,30.1264,57.5111,1.4878,1.1329,14.0536,21.8677,1.4207,18.9990,S1,0,3960.0000,D,D: ML + EKF + NHC + map,2.4031,416.1258,286,301,0,0,0.3044,64.1845,0,0,0,phone_lag_fixed_mn,32.0000,0.1000,0.0000,,0.1000,fixed,35.0000,1.0000,test
30.0000,101.9300,20.5480,20.1589,15.5644,16.8870,21.3443,1.5898,1.1591,1.6143,5.8743,0.6282,,S1,0,5055.0000,D,D: ML + EKF + NHC + map,2.4163,413.8633,285,300,57,0,0.2272,77.2651,0,0,0,phone_lag_fixed_mn,23.0000,0.1000,0.0000,,0.1000,fixed,25.0000,0.0000,test
60.0000,819.6284,188.1746,22.9585,106.2535,125.4064,191.9617,4.1360,3.5961,8.9486,22.6544,7.1054,15.9990,S1,0,300.0000,D,D: ML + EKF + NHC + map,2.1446,466.2786,586,600,118,0,0.4282,67.8254,0,0,0,phone_lag_fixed_mn,26.0000,0.1000,0.0000,,0.1000,fixed,29.0000,0.0000,test
60.0000,474.6477,41.1037,8.6598,15.3689,17.6640,41.1037,2.0191,1.7637,7.5945,23.7575,1.1442,7.9990,S1,0,1230.0000,D,D: ML + EKF + NHC + map,2.2843,437.7620,586,581,0,0,0.2403,82.9465,0,0,0,phone_lag_fixed_mn,31.0000,0.1000,0.0000,,0.1000,fixed,34.0000,0.0000,test
60.0000,567.4469,69.5709,12.2603,50.6959,53.7076,74.2625,2.6809,2.3340,6.8303,1.2039,2.8005,5.4990,S1,0,2130.0000,D,D: ML + EKF + NHC + map,2.2359,447.2405,585,584,0,0,0.3115,45.1746,0,0,0,phone_lag_fixed_mn,31.0000,0.1000,0.0000,,0.1000,fixed,34.0000,0.0000,test
60.0000,342.2292,58.0056,16.9494,19.5941,25.4149,58.0056,1.3973,1.1013,9.4398,18.7774,1.5415,29.0000,S1,0,3060.0000,D,D: ML + EKF + NHC + map,2.2898,436.7106,585,542,0,0,0.2934,57.9714,0,0,0,phone_lag_fixed_mn,33.0000,0.1000,0.0000,,0.1000,fixed,37.0000,0.0000,test
60.0000,419.1626,114.4348,27.3008,55.2980,64.0510,114.4348,2.1638,1.5833,18.5758,25.2663,4.3264,16.0000,S1,0,3960.0000,D,D: ML + EKF + NHC + map,2.2614,442.2057,586,596,0,0,0.3044,64.1845,0,0,0,phone_lag_fixed_mn,32.0000,0.1000,0.0000,,0.1000,fixed,34.0000,1.0000,test
60.0000,187.2536,43.9842,23.4891,17.3443,20.8502,45.5360,1.7699,1.2117,1.7330,4.2388,1.4290,,S1,0,5040.0000,D,D: ML + EKF + NHC + map,2.1481,465.5385,585,600,117,0,0.2220,74.5802,0,0,0,phone_lag_fixed_mn,23.0000,0.1000,0.0000,,0.1000,fixed,24.0000,0.0000,test
120.0000,1539.0428,695.7592,45.2073,234.9730,295.1998,695.7592,3.2493,2.6234,30.3642,64.0595,1.5484,,S1,0,300.0000,D,D: ML + EKF + NHC + map,2.0706,482.9531,1186,1191,135,0,0.4282,67.8254,0,0,0,phone_lag_fixed_mn,26.0000,0.1000,0.0000,,0.1000,fixed,29.0000,1.0000,test
120.0000,892.7171,490.3814,54.9313,234.9613,285.9800,490.3814,1.7050,1.4108,29.3636,29.8323,13.3057,14.0000,S1,0,1200.0000,D,D: ML + EKF + NHC + map,2.2219,450.0707,1186,1169,0,0,0.2336,78.4332,0,0,0,phone_lag_fixed_mn,32.0000,0.1000,0.0000,,0.1000,fixed,35.0000,0.0000,test
120.0000,1026.2289,698.5145,68.0662,240.9953,317.9201,698.5145,3.1090,2.3152,41.1476,83.1605,1.6670,,S1,0,2160.0000,D,D: ML + EKF + NHC + map,2.2223,449.9917,1185,1156,0,0,0.3646,50.5488,0,0,0,phone_lag_fixed_mn,33.0000,0.1000,0.0000,,0.1000,fixed,36.0000,0.0000,test
120.0000,603.5219,167.9661,27.8310,65.0529,84.2301,167.9661,1.3375,1.0203,22.8781,46.2445,3.8004,,S1,0,3060.0000,D,D: ML + EKF + NHC + map,2.5581,390.9144,1185,1101,0,0,0.2934,57.9714,0,0,0,phone_lag_fixed_mn,33.0000,0.1000,0.0000,,0.1000,fixed,36.0000,0.0000,test
120.0000,778.3688,327.4769,42.0722,83.9372,123.7389,327.4769,2.4425,1.9145,32.2405,66.3283,6.8589,13.0000,S1,0,4020.0000,D,D: ML + EKF + NHC + map,2.4077,415.3277,1185,1155,0,0,0.3717,78.6340,0,0,0,phone_lag_fixed_mn,32.0000,0.1000,0.0000,,0.1000,fixed,35.0000,0.0000,test
120.0000,750.5923,70.8786,9.4430,40.0046,42.6121,73.1838,1.5022,1.0862,3.4102,0.6229,0.7528,,S1,0,4980.0000,D,D: ML + EKF + NHC + map,2.4747,404.0819,1185,1200,237,0,0.2120,85.8501,0,0,0,phone_lag_fixed_mn,24.0000,0.1000,0.0000,,0.1000,fixed,25.0000,0.0000,test
30.0000,525.5802,266.5690,50.7190,172.4296,185.8876,266.5690,9.5842,9.3465,7.0595,22.4937,25.3535,15.9010,M,0,300.0000,D,D: ML + EKF + NHC + map,2.1555,463.9348,285,300,0,0,0.8857,54.3598,0,0,0,phone_lag_fixed_mn,30.0000,0.1000,0.0000,,0.1000,fixed,33.0000,0.0000,test
30.0000,199.1823,49.1889,24.6954,29.0380,32.4463,56.4719,1.7298,1.4450,8.1749,17.2776,2.3812,15.9010,M,0,2175.0000,D,D: ML + EKF + NHC + map,2.1817,458.3567,285,273,0,0,0.6112,72.8498,0,0,0,phone_lag_fixed_mn,28.0000,0.1000,0.0000,,0.1000,fixed,31.0000,0.0000,test
30.0000,414.8864,34.4215,8.2966,9.1660,12.4419,34.4215,0.7072,0.5118,1.3306,0.7972,2.0208,16.8000,M,0,4035.0000,D,D: ML + EKF + NHC + map,2.4423,409.4435,285,298,57,0,0.6169,93.8440,0,0,0,phone_lag_fixed_mn,31.0000,0.1000,0.0000,,0.1000,fixed,33.0000,0.0000,test
30.0000,270.6088,59.5195,21.9947,24.3461,27.9992,59.5195,2.3420,1.5973,5.4534,0.6619,1.6330,25.7990,M,2,6774.1240,D,D: ML + EKF + NHC + map,2.3487,425.7586,285,300,0,0,0.5110,60.3129,0,0,0,phone_lag_fixed_mn,30.0000,0.1000,0.0000,,0.1000,fixed,33.0000,0.0000,test
30.0000,216.3940,25.9609,11.9971,8.3140,10.7885,25.9609,1.5828,1.2853,1.0224,1.6988,1.1696,12.8000,M,2,8739.1240,D,D: ML + EKF + NHC + map,2.4320,411.1923,285,300,0,0,0.6277,46.3310,0,0,0,phone_lag_fixed_mn,32.0000,0.1000,0.0000,,0.1000,fixed,35.0000,0.0000,test
30.0000,144.4625,9.8235,6.8000,8.8917,9.1982,13.2531,1.5886,1.0872,8.4157,5.4362,0.5094,,M,2,10524.1240,D,D: ML + EKF + NHC + map,2.3644,422.9417,284,240,0,0,0.5275,68.9748,0,0,0,phone_lag_fixed_mn,31.0000,0.1000,0.0000,,0.1000,fixed,32.0000,0.0000,test
60.0000,1010.3487,362.2579,35.8547,246.5461,263.1161,362.2579,7.5448,6.9983,8.2622,3.3514,12.8296,12.9000,M,0,300.0000,D,D: ML + EKF + NHC + map,2.3257,429.9787,585,600,36,0,0.8857,54.3598,0,0,0,phone_lag_fixed_mn,30.0000,0.1000,0.0000,,0.1000,fixed,33.0000,0.0000,test
60.0000,386.3854,19.6550,5.0869,22.8100,24.3692,33.2496,1.5002,1.1880,4.0826,1.4494,1.2274,3.9010,M,0,2130.0000,D,D: ML + EKF + NHC + map,2.2691,440.7001,585,570,0,0,0.6173,72.5566,0,0,0,phone_lag_fixed_mn,30.0000,0.1000,0.0000,,0.1000,fixed,33.0000,0.0000,test
60.0000,173.8759,12.2262,7.0316,9.3735,9.6973,15.9925,0.6639,0.4563,1.8967,2.5455,1.5978,19.0000,M,0,4140.0000,D,D: ML + EKF + NHC + map,2.3757,420.9274,585,600,117,0,0.4547,86.6071,0,0,0,phone_lag_fixed_mn,24.0000,0.1000,0.0000,,0.1000,fixed,28.0000,0.0000,test
60.0000,436.9120,49.2065,11.2623,40.3118,42.0598,56.3923,3.6532,3.0165,9.4153,10.8122,1.9348,25.7990,M,2,6789.1240,D,D: ML + EKF + NHC + map,2.2522,444.0063,584,599,0,0,0.5573,58.6466,0,0,0,phone_lag_fixed_mn,30.0000,0.1000,0.0000,,0.1000,fixed,32.0000,1.0000,test
60.0000,545.0209,44.4456,8.1548,32.4250,34.7408,56.6656,1.0644,0.8759,5.0146,3.7259,1.0505,9.8050,M,2,8649.1240,D,D: ML + EKF + NHC + map,2.1395,467.4015,585,553,0,0,0.5878,49.9330,0,0,0,phone_lag_fixed_mn,32.0000,0.1000,0.0000,,0.1000,fixed,36.0000,0.0000,test
60.0000,282.6365,33.6442,11.9037,18.9843,20.5801,34.8805,1.1342,0.7469,5.2331,8.6369,1.1030,14.7990,M,2,10479.1240,D,D: ML + EKF + NHC + map,2.3205,430.9405,585,552,0,0,0.4880,71.5026,0,0,0,phone_lag_fixed_mn,33.0000,0.1000,0.0000,,0.1000,fixed,36.0000,0.0000,test
120.0000,1820.1742,362.8190,19.9332,305.3087,317.7718,383.9503,5.8903,4.9700,8.3727,23.0845,9.9430,25.0000,M,0,300.0000,D,D: ML + EKF + NHC + map,2.1783,459.0704,1185,1200,36,0,0.8857,54.3598,0,0,0,phone_lag_fixed_mn,30.0000,0.1000,0.0000,,0.1000,fixed,33.0000,0.0000,test
120.0000,720.4282,114.3700,15.8753,61.0880,73.0125,120.0506,1.5083,1.1516,14.5543,16.9091,2.9862,3.3000,M,0,2100.0000,D,D: ML + EKF + NHC + map,2.1822,458.2599,1185,1115,0,0,0.5593,75.2390,0,0,0,phone_lag_fixed_mn,30.0000,0.1000,0.0000,,0.1000,fixed,34.0000,0.0000,test
120.0000,429.9772,33.6241,7.8200,20.2556,23.8537,54.1338,1.4549,0.8067,5.3031,10.0866,4.7210,26.9010,M,0,4140.0000,D,D: ML + EKF + NHC + map,2.4841,402.5669,1185,1200,231,0,0.4547,86.6071,0,0,0,phone_lag_fixed_mn,24.0000,0.1000,0.0000,,0.1000,fixed,27.0000,0.0000,test
120.0000,904.6886,82.4600,9.1147,59.4706,63.6009,94.9699,3.7243,3.1826,8.9061,11.5336,2.8156,10.7990,M,2,6789.1240,D,D: ML + EKF + NHC + map,2.3782,420.4814,1185,1196,0,0,0.5573,58.6466,0,0,0,phone_lag_fixed_mn,30.0000,0.1000,0.0000,,0.1000,fixed,34.0000,0.0000,test
120.0000,1014.9004,151.5787,14.9353,95.3715,113.6670,200.7281,2.8511,2.4919,11.2059,10.0941,4.5365,9.8050,M,2,8589.1240,D,D: ML + EKF + NHC + map,2.4394,409.9368,1186,1152,0,0,0.7425,58.1970,0,0,0,phone_lag_fixed_mn,33.0000,0.1000,0.0000,,0.1000,fixed,37.0000,0.0000,test
120.0000,1008.2964,327.9810,32.5282,117.1551,163.4659,327.9810,1.1841,0.9354,21.7042,41.6900,7.3435,26.7990,M,2,10389.1240,D,D: ML + EKF + NHC + map,2.4098,414.9762,1185,1178,0,0,0.6347,71.6002,0,0,0,phone_lag_fixed_mn,33.0000,0.1000,0.0000,,0.1000,fixed,34.0000,1.0000,test
30.0000,501.2133,179.5903,35.8311,122.7175,133.4062,179.5903,5.6790,5.3174,6.3314,8.2968,7.0204,12.9990,S3c,0,300.0000,D,D: ML + EKF + NHC + map,2.4101,414.9141,285,300,0,0,0.3750,-55.3379,0,0,0,phone_lag_online_mn,29.0000,0.5000,0.7241,0.6000,0.5000,online,32.0000,0.0000,val
30.0000,376.7845,105.8150,28.0837,69.7142,75.5419,105.8150,1.9840,1.6953,1.2885,0.4158,5.3142,,S3c,0,975.0000,D,D: ML + EKF + NHC + map,2.3351,428.2452,285,299,0,0,0.5151,-67.1540,0,0,0,phone_lag_online_mn,30.0000,0.1000,0.5000,0.2000,0.1000,default,30.0000,1.0000,val
30.0000,323.3899,73.6281,22.7676,50.0179,55.4596,79.3140,4.7076,4.1232,2.8073,0.7654,3.1145,22.0000,S3c,0,1590.0000,D,D: ML + EKF + NHC + map,2.1809,458.5246,285,284,23,0,0.4088,-86.8128,0,0,0,phone_lag_online_mn,32.0000,0.6000,0.7812,0.7500,1.5000,online,36.0000,0.0000,val
30.0000,372.9973,100.5916,26.9684,43.7359,50.3903,100.5916,2.7058,2.0611,12.7872,19.8767,5.5216,13.9990,S3c,0,2340.0000,D,D: ML + EKF + NHC + map,2.1581,463.3772,287,301,0,0,0.2669,-74.5974,0,0,0,phone_lag_online_mn,26.0000,0.9500,0.6923,1.0000,1.3000,online,29.0000,0.0000,val
30.0000,528.8802,136.0407,25.7224,85.5687,91.6011,136.0407,5.6756,5.4853,4.3369,1.8078,6.1491,10.9990,S3c,0,2955.0000,D,D: ML + EKF + NHC + map,2.2884,436.9802,286,300,0,0,0.3309,-120.7105,0,0,0,phone_lag_online_mn,32.0000,0.1000,0.2812,0.0500,0.1000,default,32.0000,0.0000,val
30.0000,195.0372,61.2172,31.3875,36.9972,40.9944,63.5225,5.4065,4.6103,4.9833,7.5284,0.9777,,S3c,0,3645.0000,D,D: ML + EKF + NHC + map,2.1253,470.5216,285,300,0,0,0.2162,-103.0373,0,0,0,phone_lag_online_mn,26.0000,0.1000,0.3462,1.6000,0.1000,default,28.0000,0.0000,val
60.0000,668.6532,244.9977,36.6405,170.8630,182.1094,253.4953,5.1838,4.9003,5.0348,0.4550,5.7313,9.9990,S3c,0,300.0000,D,D: ML + EKF + NHC + map,2.2654,441.4172,586,601,0,0,0.3750,-55.3379,0,0,0,phone_lag_online_mn,29.0000,0.5000,0.7241,0.6000,0.5000,online,32.0000,1.0000,val
60.0000,757.1978,167.7684,22.1565,69.4114,85.2279,167.9335,2.5451,2.1689,4.6908,14.4423,7.4073,15.9990,S3c,0,960.0000,D,D: ML + EKF + NHC + map,2.3015,434.5039,585,600,0,0,0.5181,-66.8404,0,0,0,phone_lag_online_mn,30.0000,0.1000,0.5000,0.3000,0.1000,default,31.0000,0.0000,val
60.0000,665.5684,59.4255,8.9285,54.4794,57.5135,79.3140,5.2014,4.7454,3.3088,9.7929,1.4633,,S3c,0,1590.0000,D,D: ML + EKF + NHC + map,2.4791,403.3675,586,585,23,0,0.4088,-86.8128,0,0,0,phone_lag_online_mn,32.0000,0.6000,0.7812,0.7500,1.5000,online,35.0000,0.0000,val
60.0000,611.1491,62.1415,10.1680,42.6860,46.4900,78.0210,3.2181,2.5129,5.5820,5.7572,3.3515,25.9990,S3c,0,2280.0000,D,D: ML + EKF + NHC + map,2.4576,406.9034,584,578,112,0,0.2908,-105.6315,0,0,0,phone_lag_online_mn,23.0000,0.4000,0.5652,1.3000,1.3000,online,26.0000,0.0000,val
60.0000,948.1185,283.0547,29.8544,150.1275,174.4016,283.0547,5.7965,5.1354,2.6307,2.0947,10.5228,17.0000,S3c,0,2910.0000,D,D: ML + EKF + NHC + map,2.4449,409.0092,586,574,0,0,0.3606,-104.7447,0,0,0,phone_lag_online_mn,32.0000,0.1000,0.2188,0.3000,1.0000,online,34.0000,0.0000,val
60.0000,519.1449,157.8358,30.4030,88.7020,93.8067,157.8358,4.4331,3.3869,13.9240,22.3718,5.0243,23.0000,S3c,0,3600.0000,D,D: ML + EKF + NHC + map,2.5094,398.4951,586,594,0,0,0.2461,-99.0741,0,0,0,phone_lag_online_mn,26.0000,1.8000,0.6538,1.8000,0.1000,default,28.0000,0.0000,val
120.0000,1231.5641,217.5189,17.6620,191.6952,200.1760,287.9122,7.0641,6.3367,5.3955,14.5334,4.9847,13.0000,S3c,0,300.0000,D,D: ML + EKF + NHC + map,2.5722,388.7675,1186,1201,0,0,0.3750,-55.3379,0,0,0,phone_lag_online_mn,29.0000,0.5000,0.7241,0.6000,0.5000,online,31.0000,1.0000,val
120.0000,2013.9329,799.9537,39.7210,229.7222,313.0308,799.9537,5.9703,4.1597,14.8621,34.1722,10.5278,,S3c,0,960.0000,D,D: ML + EKF + NHC + map,2.5667,389.6040,1184,1199,0,0,0.5181,-66.8404,0,0,0,phone_lag_online_mn,30.0000,0.1000,0.5000,0.3000,0.1000,default,31.0000,1.0000,val
120.0000,1146.5859,167.4246,14.6020,83.6585,88.6553,167.4246,4.1803,3.2545,16.0406,22.3105,5.1922,15.9990,S3c,0,1620.0000,D,D: ML + EKF + NHC + map,2.2842,437.7928,1186,1132,0,0,0.4318,-96.5314,0,0,0,phone_lag_online_mn,32.0000,0.7000,0.7812,1.0000,1.6000,online,35.0000,0.0000,val
120.0000,1194.9070,332.8362,27.8546,211.2172,248.0667,344.1822,6.0671,4.6172,9.1160,26.1916,1.5404,,S3c,0,2220.0000,D,D: ML + EKF + NHC + map,2.3931,417.8606,1185,1178,167,0,0.3288,-113.6601,0,0,0,phone_lag_online_mn,23.0000,0.1000,0.6087,0.3000,0.1000,online,23.0000,0.0000,val
120.0000,1681.1988,413.6415,24.6040,204.6296,238.8744,413.6415,5.9032,4.6812,2.4403,3.0462,12.7107,22.9990,S3c,0,2880.0000,D,D: ML + EKF + NHC + map,2.5036,399.4237,1180,1160,0,0,0.4148,-89.7478,0,0,0,phone_lag_online_mn,33.0000,0.1000,0.2727,0.3000,0.4000,online,31.0000,1.0000,val
120.0000,839.0200,93.3219,11.1227,73.8414,90.7238,214.1043,5.2263,3.9205,10.4359,18.8716,2.4552,23.0000,S3c,0,3540.0000,D,D: ML + EKF + NHC + map,2.4205,413.1348,1187,1171,60,0,0.3196,-131.1233,0,0,0,phone_lag_online_mn,28.0000,0.1000,0.2143,0.2500,0.8000,online,28.0000,0.0000,val
30.0000,134.3178,33.1652,24.6916,26.4198,26.5550,33.1652,2.0688,1.6959,9.9182,8.4087,2.2595,26.7000,Vta16,0,315.0000,D,D: ML + EKF + NHC + map,2.2962,435.4982,285,270,0,0,0.0721,-109.7960,0,0,0,phone_lag_online_mn,32.0000,0.1000,0.2188,0.1000,0.1000,default,35.0000,0.0000,val
30.0000,250.9996,56.1776,22.3815,26.2496,29.1375,56.1776,2.5598,2.0093,8.2302,4.6770,1.7141,15.7000,Vta16,0,495.0000,D,D: ML + EKF + NHC + map,2.3364,428.0035,285,287,0,0,0.1662,94.1845,0,0,0,phone_lag_online_mn,29.0000,0.1000,0.3103,0.5000,0.1000,online,32.0000,0.0000,val
30.0000,484.6937,292.7465,60.3982,150.0626,165.1666,292.7465,8.8830,8.4990,36.1008,75.2790,2.1820,,Vta16,0,630.0000,D,D: ML + EKF + NHC + map,2.1423,466.7839,286,281,0,0,0.1089,87.5909,0,0,0,phone_lag_online_mn,29.0000,0.1000,0.4138,0.4500,0.1000,default,32.0000,0.0000,val
30.0000,478.4390,114.5937,23.9516,40.6497,48.5435,114.5937,4.2041,4.0573,11.9363,35.0397,4.0316,27.7000,Vta16,0,780.0000,D,D: ML + EKF + NHC + map,2.0780,481.2234,285,292,0,0,0.0913,65.3252,0,0,0,phone_lag_online_mn,32.0000,0.1000,0.0000,0.1500,0.1000,default,36.0000,0.0000,val
30.0000,452.7418,464.9692,102.7007,214.5835,250.2304,464.9692,10.7076,10.4562,71.3820,89.6325,1.9389,,Vta16,0,930.0000,D,D: ML + EKF + NHC + map,2.3169,431.6093,286,273,0,0,0.1263,89.1687,0,0,0,phone_lag_online_mn,32.0000,0.1000,0.3125,0.7500,0.9000,online,35.0000,0.0000,val
30.0000,319.6200,94.9431,29.7050,38.2138,45.3688,94.9431,5.1446,4.2065,23.7120,66.3246,7.2715,13.7000,Vta16,0,1065.0000,D,D: ML + EKF + NHC + map,2.2296,448.5071,285,241,25,0,0.0712,-175.3083,0,0,0,phone_lag_online_mn,32.0000,0.1000,0.0312,2.6500,0.1000,default,33.0000,1.0000,val
60.0000,310.3378,112.8266,36.3561,45.5218,54.7418,112.8266,2.4640,2.0511,26.6129,35.1788,3.9010,,Vta16,0,300.0000,D,D: ML + EKF + NHC + map,2.2060,453.2998,585,565,0,0,0.0675,-91.5748,0,0,0,phone_lag_online_mn,32.0000,0.1000,0.3438,0.2000,0.1000,default,32.0000,0.0000,val
60.0000,387.7785,116.9120,30.1492,50.0014,58.0377,116.9120,4.8441,3.7485,27.0628,29.9390,4.5430,12.7000,Vta16,0,450.0000,D,D: ML + EKF + NHC + map,2.2294,448.5584,586,558,0,0,0.0749,-148.1569,0,0,0,phone_lag_online_mn,29.0000,0.1000,0.0000,0.2000,0.1000,default,32.0000,0.0000,val
60.0000,946.8757,431.0183,45.5200,183.3615,213.2295,431.0183,8.6918,8.2993,26.4724,85.4072,2.7156,,Vta16,0,600.0000,D,D: ML + EKF + NHC + map,2.4920,401.2810,586,576,0,0,0.1038,96.3272,0,0,0,phone_lag_online_mn,29.0000,0.1000,0.5172,0.3000,0.1000,default,32.0000,0.0000,val
60.0000,924.7404,1104.6117,119.4510,546.3876,623.5844,1104.6117,3.0358,2.8231,71.4373,81.9843,6.5059,,Vta16,0,720.0000,D,D: ML + EKF + NHC + map,2.2941,435.9047,585,583,0,0,0.1405,77.5551,0,0,0,phone_lag_online_mn,32.0000,0.1000,0.1562,0.4000,0.1000,default,31.0000,0.0000,val
60.0000,724.0586,106.8107,14.7517,112.2063,117.9050,142.9218,5.4365,4.1842,16.3080,56.0167,5.4494,16.7000,Vta16,0,870.0000,D,D: ML + EKF + NHC + map,2.3760,420.8771,585,523,0,0,0.0887,58.5492,0,0,0,phone_lag_online_mn,31.0000,0.1000,0.0968,0.0000,1.8000,online,34.0000,0.0000,val
60.0000,703.5992,56.0754,7.9698,41.9662,49.3392,89.4797,3.2498,2.7893,6.7956,14.5351,5.6691,19.6990,Vta16,0,1020.0000,D,D: ML + EKF + NHC + map,2.4037,416.0186,585,515,104,0,0.0899,150.8163,0,0,0,phone_lag_online_mn,32.0000,0.1000,0.1562,1.9500,0.1000,default,36.0000,0.0000,val
120.0000,482.4017,228.0840,47.2809,102.1525,121.0633,237.4012,3.6137,2.3529,30.7168,46.3560,6.0544,21.7000,Vta16,0,300.0000,D,D: ML + EKF + NHC + map,2.4132,414.3843,1185,1100,0,0,0.0675,-91.5748,0,0,0,phone_lag_online_mn,32.0000,0.1000,0.3438,0.2000,0.1000,default,33.0000,0.0000,val
120.0000,777.1058,224.2902,28.8622,82.7376,107.5766,224.9539,4.3682,3.3517,28.5677,57.9006,9.0286,10.1000,Vta16,0,420.0000,D,D: ML + EKF + NHC + map,2.4702,404.8331,1185,1114,0,0,0.0977,-116.2512,0,0,0,phone_lag_online_mn,29.0000,0.1000,0.0000,0.6000,0.1000,default,33.0000,0.0000,val
120.0000,1767.7630,657.9277,37.2181,259.4216,301.8494,657.9277,7.7288,6.8752,19.9739,77.1976,15.1548,,Vta16,0,540.0000,D,D: ML + EKF + NHC + map,2.4203,413.1639,1186,1168,0,0,0.1192,79.5584,0,0,0,phone_lag_online_mn,29.0000,0.1000,0.4828,0.5000,1.1000,online,31.0000,0.0000,val
120.0000,1759.3129,2257.3857,128.3106,1143.4420,1335.5448,2260.2231,2.7057,2.3775,91.6232,121.4583,3.4563,,Vta16,0,720.0000,D,D: ML + EKF + NHC + map,2.3892,418.5528,1185,1141,0,0,0.1405,77.5551,0,0,0,phone_lag_online_mn,32.0000,0.1000,0.1562,0.4000,0.1000,default,29.0000,1.0000,val
120.0000,1349.2278,519.4833,38.5023,401.6293,462.0842,681.6171,6.4875,4.8763,49.3875,34.5033,3.9818,,Vta16,0,840.0000,D,D: ML + EKF + NHC + map,2.5138,397.7998,1185,1084,0,0,0.0687,63.2073,0,0,0,phone_lag_online_mn,33.0000,0.1000,0.0303,0.0000,1.6000,online,36.0000,0.0000,val
120.0000,1573.1280,972.8748,61.8433,458.1064,525.1305,972.8748,3.4508,2.7198,51.8323,48.2199,11.3987,,Vta16,0,960.0000,D,D: ML + EKF + NHC + map,2.3217,430.7159,1185,1028,0,0,0.1164,85.6626,0,0,0,phone_lag_online_mn,31.0000,0.1000,0.3548,0.9000,0.1000,default,34.0000,0.0000,val
30.0000,625.5132,23.5312,3.7619,21.5468,26.4048,45.4734,1.3518,0.9815,5.0218,7.1406,5.3734,20.9020,Vfa01,0,300.0000,D,D: ML + EKF + NHC + map,2.2992,434.9327,285,295,57,0,0.3808,91.1739,0,0,0,phone_lag_online_mn,32.0000,0.1000,0.5000,2.1000,0.1000,default,35.0000,0.0000,val
30.0000,587.9765,48.0270,8.1682,23.9229,27.7126,48.0270,2.2857,2.0197,3.2383,0.7151,5.6335,23.9010,Vfa01,0,450.0000,D,D: ML + EKF + NHC + map,2.5248,396.0662,285,277,57,0,0.2648,98.8355,0,0,0,phone_lag_online_mn,33.0000,0.1000,0.3636,2.4000,0.4000,online,36.0000,0.0000,val
30.0000,760.8882,176.7587,23.2306,73.0411,83.6426,176.7587,3.3214,2.8428,6.1887,1.3070,13.3845,13.9000,Vfa01,0,615.0000,D,D: ML + EKF + NHC + map,2.3728,421.4508,285,244,0,0,0.3402,97.2204,0,0,0,phone_lag_online_mn,31.0000,0.2000,0.6774,0.4000,0.0000,online,31.0000,1.0000,val
30.0000,495.2327,188.1175,37.9857,126.8122,129.4028,188.1175,5.4692,4.3169,8.5335,17.4597,9.6295,13.9010,Vfa01,0,750.0000,D,D: ML + EKF + NHC + map,2.3506,425.4309,285,295,0,0,0.3865,91.9120,1,0,0,phone_lag_online_mn,31.0000,0.1000,0.6774,0.3000,0.1000,default,32.0000,0.0000,val
30.0000,384.4121,34.1316,8.8789,36.0427,36.1387,43.9606,5.6184,5.0580,3.8128,4.0584,1.5347,29.9000,Vfa01,0,900.0000,D,D: ML + EKF + NHC + map,2.3414,427.0968,285,248,0,0,0.3283,90.5205,1,0,0,phone_lag_online_mn,32.0000,0.1000,0.3750,1.2500,2.6000,online,36.0000,0.0000,val
30.0000,340.0709,536.4475,157.7458,232.1303,284.6366,536.4475,4.3183,3.5365,83.0089,110.9198,1.5989,,Vfa01,0,1080.0000,D,D: ML + EKF + NHC + map,2.3778,420.5635,285,253,0,0,0.1946,74.4439,2,0,0,phone_lag_online_mn,29.0000,1.2000,0.6552,1.5000,1.6000,online,32.0000,0.0000,val
60.0000,1339.6855,80.7995,6.0312,43.7851,53.4584,102.9091,3.6796,2.6127,6.5737,5.1209,7.1910,17.9010,Vfa01,0,300.0000,D,D: ML + EKF + NHC + map,2.4788,403.4280,585,594,117,0,0.3808,91.1739,0,0,0,phone_lag_online_mn,32.0000,0.1000,0.5000,2.1000,0.1000,default,33.0000,1.0000,val
60.0000,964.1739,242.2631,25.1265,67.5494,91.5131,242.2631,3.9720,3.5428,16.8820,38.2378,9.5258,,Vfa01,0,450.0000,D,D: ML + EKF + NHC + map,2.3137,432.2080,585,557,73,0,0.2648,98.8355,0,0,0,phone_lag_online_mn,33.0000,0.1000,0.3636,2.4000,0.4000,online,36.0000,0.0000,val
60.0000,1497.4792,514.6658,34.3688,249.3280,282.8191,514.6658,8.5836,8.1510,8.3515,18.7556,5.7040,,Vfa01,0,600.0000,D,D: ML + EKF + NHC + map,2.3869,418.9539,585,507,0,0,0.3365,92.6023,0,0,0,phone_lag_online_mn,31.0000,0.3000,0.7742,0.4000,0.0000,online,33.0000,0.0000,val
60.0000,1010.7968,565.2718,55.9234,231.7698,289.3182,565.2718,5.2521,4.2736,40.0567,63.1077,7.7857,,Vfa01,0,720.0000,D,D: ML + EKF + NHC + map,2.2977,435.2254,585,581,0,0,0.3573,90.5664,1,0,0,phone_lag_online_mn,31.0000,0.2000,0.7419,0.3000,0.8000,online,34.0000,0.0000,val
60.0000,858.4063,290.8455,33.8820,127.3155,148.4484,290.8455,4.1539,3.4662,23.0264,44.1688,7.5850,11.9010,Vfa01,0,870.0000,D,D: ML + EKF + NHC + map,2.1586,463.2689,585,515,0,0,0.3365,92.5583,1,0,0,phone_lag_online_mn,32.0000,0.1000,0.3125,0.8000,2.7000,online,36.0000,0.0000,val
60.0000,587.2390,444.5093,75.6948,114.8974,164.8570,444.5093,2.5861,2.0280,41.7717,102.5395,1.4921,,Vfa01,0,1050.0000,D,D: ML + EKF + NHC + map,2.3998,416.7028,585,509,0,0,0.2228,77.6971,2,0,0,phone_lag_online_mn,29.0000,0.7000,0.6552,1.6000,1.6000,online,32.0000,0.0000,val
120.0000,2607.5571,271.5271,10.4131,127.5709,160.2424,283.5590,4.0576,3.4178,8.6660,13.4927,13.3536,,Vfa01,0,300.0000,D,D: ML + EKF + NHC + map,2.4849,402.4372,1185,1143,167,0,0.3808,91.1739,0,0,0,phone_lag_online_mn,32.0000,0.1000,0.5000,2.1000,0.1000,default,35.0000,0.0000,val
120.0000,1853.9375,393.4239,21.2210,147.6440,211.7570,421.6667,3.8449,3.1679,20.9625,141.1500,10.7385,19.9020,Vfa01,0,420.0000,D,D: ML + EKF + NHC + map,2.2788,438.8191,1185,1072,130,0,0.3472,92.6994,0,0,0,phone_lag_online_mn,32.0000,0.1000,0.3125,2.4000,0.6000,online,34.0000,1.0000,val
120.0000,2275.4640,1835.3096,80.6565,659.7655,867.8485,1835.3096,11.2867,9.9368,56.4279,76.3284,3.2428,,Vfa01,0,540.0000,D,D: ML + EKF + NHC + map,2.3447,426.4898,1185,1035,75,0,0.2375,98.5366,0,0,0,phone_lag_online_mn,32.0000,0.3500,0.6250,0.5500,1.6000,online,35.0000,0.0000,val
120.0000,1830.1519,1494.3124,81.6496,674.7220,840.2783,1494.3124,4.0354,3.0922,54.3588,94.6221,30.7303,,Vfa01,0,720.0000,D,D: ML + EKF + NHC + map,2.4383,410.1220,1185,1155,0,0,0.3573,90.5664,1,0,0,phone_lag_online_mn,31.0000,0.2000,0.7419,0.3000,0.8000,online,35.0000,0.0000,val
120.0000,1627.3294,333.6504,20.5029,116.1756,150.8057,333.6504,4.1702,3.6153,14.6583,30.1145,12.6521,17.9010,Vfa01,0,840.0000,D,D: ML + EKF + NHC + map,2.3444,426.5572,1185,1026,0,0,0.3593,90.1878,2,0,0,phone_lag_online_mn,31.0000,0.1000,0.4839,0.7000,1.7000,online,34.0000,0.0000,val
120.0000,825.7010,165.7033,20.0682,43.9085,62.0712,165.7033,1.9866,1.2490,13.7999,1.6319,6.1781,12.9010,Vfa01,0,960.0000,D,D: ML + EKF + NHC + map,2.2688,440.7665,1186,1083,0,0,0.2763,86.5204,0,0,0,phone_lag_online_mn,32.0000,0.1000,0.4375,1.5000,0.1000,default,34.0000,0.0000,val
30.0000,394.1462,115.8829,29.4010,44.3718,57.4518,115.8829,4.2659,3.3508,3.4755,3.5419,6.3248,27.8990,S1,0,300.0000,D,D: ML + EKF + NHC + map,2.2412,446.1799,286,300,58,0,0.4282,67.8254,0,0,0,phone_lag_online_mn,26.0000,0.7000,0.6923,1.6000,1.6000,online,27.0000,0.0000,test
30.0000,118.3173,29.1377,24.6267,9.7966,12.6914,29.1377,1.0261,0.8126,11.2255,13.3847,1.9494,11.0010,S1,0,1185.0000,D,D: ML + EKF + NHC + map,2.4804,403.1663,284,295,0,0,0.2353,88.0925,0,0,0,phone_lag_online_mn,30.0000,0.2000,0.7667,0.3500,0.2000,online,31.0000,1.0000,test
30.0000,287.8600,59.0181,20.5024,23.3481,28.0963,59.0181,3.4168,2.8556,10.0737,24.7690,1.3350,19.9000,S1,0,2145.0000,D,D: ML + EKF + NHC + map,2.2735,439.8511,286,300,0,0,0.3428,49.4359,0,0,0,phone_lag_online_mn,32.0000,0.1000,0.7812,0.3000,0.0000,online,25.0000,0.0000,test
30.0000,162.7101,13.1826,8.1019,5.9575,6.9189,13.1826,0.7943,0.6454,3.3486,8.2933,1.0036,,S1,0,3060.0000,D,D: ML + EKF + NHC + map,2.3744,421.1544,284,261,0,0,0.2934,57.9714,0,0,0,phone_lag_online_mn,33.0000,0.3000,0.6667,0.6000,0.4000,online,34.0000,1.0000,test
30.0000,177.0207,60.7521,34.3192,28.1033,31.9829,60.7521,1.4589,1.1344,14.7602,23.1226,1.4536,18.9990,S1,0,3960.0000,D,D: ML + EKF + NHC + map,2.3324,428.7340,286,301,0,0,0.3044,64.1845,0,0,0,phone_lag_online_mn,32.0000,0.9000,0.7812,1.2500,0.5000,online,33.0000,1.0000,test
30.0000,101.9300,17.9725,17.6322,12.7966,14.4335,18.5987,1.5701,1.1414,2.9968,4.7036,0.6324,,S1,0,5055.0000,D,D: ML + EKF + NHC + map,2.4048,415.8370,285,300,52,0,0.2272,77.2651,0,0,0,phone_lag_online_mn,23.0000,1.2000,0.6522,1.2000,2.0000,online,25.0000,0.0000,test
60.0000,819.6284,189.2164,23.0856,102.6935,121.7271,189.2164,4.0790,3.5189,8.8962,23.8761,7.1951,15.9990,S1,0,300.0000,D,D: ML + EKF + NHC + map,2.1225,471.1345,586,600,118,0,0.4282,67.8254,0,0,0,phone_lag_online_mn,26.0000,0.7000,0.6923,1.6000,1.6000,online,26.0000,0.0000,test
60.0000,474.6477,42.5061,8.9553,17.0536,19.1439,42.5061,1.9820,1.7385,7.6979,24.1690,1.1444,7.9990,S1,0,1230.0000,D,D: ML + EKF + NHC + map,2.3463,426.2055,586,582,0,0,0.2403,82.9465,0,0,0,phone_lag_online_mn,31.0000,0.2000,0.7742,0.2000,0.0000,online,28.0000,0.0000,test
60.0000,567.4469,232.1309,40.9079,129.7852,142.7159,232.1309,2.6834,2.3326,21.6992,26.8472,8.5580,13.9990,S1,0,2130.0000,D,D: ML + EKF + NHC + map,2.2797,438.6503,585,585,0,0,0.3115,45.1746,0,0,0,phone_lag_online_mn,31.0000,0.1000,0.7097,0.4000,0.0000,online,25.0000,0.0000,test
60.0000,342.2292,60.2896,17.6167,20.1897,26.4719,60.2896,1.4030,1.1180,10.1323,20.1883,1.6087,29.0000,S1,0,3060.0000,D,D: ML + EKF + NHC + map,2.2194,450.5746,585,542,0,0,0.2934,57.9714,0,0,0,phone_lag_online_mn,33.0000,0.3000,0.6667,0.6000,0.4000,online,36.0000,0.0000,test
60.0000,419.1626,126.6316,30.2106,59.8393,69.6814,126.6316,2.1232,1.5663,20.1320,28.8349,4.7822,16.0000,S1,0,3960.0000,D,D: ML + EKF + NHC + map,2.3176,431.4861,586,596,0,0,0.3044,64.1845,0,0,0,phone_lag_online_mn,32.0000,0.9000,0.7812,1.2500,0.5000,online,32.0000,1.0000,test
60.0000,187.2536,41.6717,22.2542,15.1777,18.8087,42.9991,1.7411,1.1878,2.4071,6.0834,1.3564,,S1,0,5040.0000,D,D: ML + EKF + NHC + map,2.3953,417.4844,585,600,82,0,0.2220,74.5802,0,0,0,phone_lag_online_mn,23.0000,1.2000,0.6522,1.2000,1.9000,online,24.0000,0.0000,test
120.0000,1539.0428,739.8056,48.0692,242.7180,309.6433,739.8056,3.1809,2.5458,32.3230,69.9534,1.6069,,S1,0,300.0000,D,D: ML + EKF + NHC + map,2.2373,446.9674,1186,1191,136,0,0.4282,67.8254,0,0,0,phone_lag_online_mn,26.0000,0.7000,0.6923,1.6000,1.6000,online,26.0000,1.0000,test
120.0000,892.7171,496.2555,55.5893,237.5656,289.0946,496.2555,1.6837,1.3919,30.0997,30.4906,13.4509,14.0000,S1,0,1200.0000,D,D: ML + EKF + NHC + map,2.2267,449.0913,1186,1169,0,0,0.2336,78.4332,0,0,0,phone_lag_online_mn,32.0000,0.3000,0.7812,0.4500,0.2000,online,34.0000,0.0000,test
120.0000,1026.2289,716.7383,69.8420,249.3646,327.5859,716.7383,3.1083,2.3074,42.5422,84.9644,1.6665,,S1,0,2160.0000,D,D: ML + EKF + NHC + map,2.4652,405.6465,1185,1156,0,0,0.3646,50.5488,0,0,0,phone_lag_online_mn,33.0000,0.1000,0.7879,0.2000,0.0000,online,23.0000,0.0000,test
120.0000,603.5219,173.7903,28.7960,67.2042,87.0493,173.7903,1.3420,1.0276,24.0462,48.2328,3.9337,,S1,0,3060.0000,D,D: ML + EKF + NHC + map,2.4113,414.7073,1185,1101,0,0,0.2934,57.9714,0,0,0,phone_lag_online_mn,33.0000,0.3000,0.6667,0.6000,0.4000,online,35.0000,0.0000,test
120.0000,778.3688,318.2370,40.8851,80.4759,119.3297,318.2370,2.5167,1.9686,31.3140,63.8733,6.6702,13.0000,S1,0,4020.0000,D,D: ML + EKF + NHC + map,2.3525,425.0759,1185,1156,0,0,0.3717,78.6340,0,0,0,phone_lag_online_mn,32.0000,0.2500,0.7812,1.0000,0.0000,online,26.0000,0.0000,test
120.0000,750.5923,56.8123,7.5690,24.0314,28.4197,58.1313,1.4157,0.9978,2.7847,0.4751,0.7643,,S1,0,4980.0000,D,D: ML + EKF + NHC + map,2.3937,417.7594,1185,1200,237,0,0.2120,85.8501,0,0,0,phone_lag_online_mn,24.0000,0.3500,0.6667,0.7500,1.3000,online,25.0000,0.0000,test
30.0000,525.5802,261.9167,49.8338,167.8445,181.6306,261.9167,9.4173,9.1791,6.4041,21.7364,26.3460,15.9010,M,0,300.0000,D,D: ML + EKF + NHC + map,2.3699,421.9599,285,300,0,0,0.8857,54.3598,0,0,0,phone_lag_online_mn,30.0000,0.1000,0.3333,0.2000,0.1000,default,27.0000,0.0000,test
30.0000,199.1823,53.7649,26.9928,37.2409,39.2214,62.2406,1.7666,1.4933,6.1127,14.4868,2.5344,15.9010,M,0,2175.0000,D,D: ML + EKF + NHC + map,2.2594,442.6024,285,273,0,0,0.6112,72.8498,0,0,0,phone_lag_online_mn,28.0000,1.0000,0.7500,1.1000,0.9000,online,31.0000,0.0000,test
30.0000,414.8864,44.2155,10.6572,14.8286,18.4722,44.2155,2.2422,2.1698,1.6831,0.4952,1.9611,14.0010,M,0,4035.0000,D,D: ML + EKF + NHC + map,2.3213,430.7990,285,298,57,0,0.6169,93.8440,0,0,0,phone_lag_online_mn,31.0000,0.4000,0.7742,0.5000,1.3000,online,33.0000,0.0000,test
30.0000,270.6088,55.9694,20.6828,21.5063,25.1328,55.9694,2.3900,1.6362,4.1820,1.2086,1.5185,25.7990,M,2,6774.1240,D,D: ML + EKF + NHC + map,2.3329,428.6486,285,300,0,0,0.5110,60.3129,0,0,0,phone_lag_online_mn,30.0000,1.1000,0.7000,1.2000,0.7000,online,32.0000,0.0000,test
30.0000,216.3940,26.4477,12.2220,8.7164,11.1131,26.4477,1.5490,1.2518,1.1954,1.8489,1.1696,12.8000,M,2,8739.1240,D,D: ML + EKF + NHC + map,2.5419,393.4118,285,300,0,0,0.6277,46.3310,0,0,0,phone_lag_online_mn,32.0000,0.1000,0.4375,0.0500,0.0000,online,34.0000,0.0000,test
30.0000,144.4625,11.9371,8.2631,8.6839,9.1388,12.4884,1.6143,1.1130,7.9436,4.6035,0.4937,,M,2,10524.1240,D,D: ML + EKF + NHC + map,2.3129,432.3516,284,240,0,0,0.5275,68.9748,0,0,0,phone_lag_online_mn,31.0000,0.1000,0.7742,0.2000,0.9000,online,21.0000,0.0000,test
60.0000,1010.3487,357.4168,35.3756,241.8913,258.7195,357.4168,7.3814,6.8207,7.7832,3.6189,12.6912,12.9000,M,0,300.0000,D,D: ML + EKF + NHC + map,2.2071,453.0931,585,600,36,0,0.8857,54.3598,0,0,0,phone_lag_online_mn,30.0000,0.1000,0.3333,0.2000,0.1000,default,27.0000,0.0000,test
60.0000,386.3854,4.0386,1.0452,15.4951,17.7531,29.5828,1.5588,1.2294,4.9673,8.1384,1.1554,0.0000,M,0,2130.0000,D,D: ML + EKF + NHC + map,2.4274,411.9615,585,570,0,0,0.6173,72.5566,0,0,0,phone_lag_online_mn,30.0000,0.5000,0.7333,0.7500,1.4000,online,31.0000,0.0000,test
60.0000,173.8759,14.3333,8.2434,20.2903,20.5764,26.2010,0.6747,0.4617,3.8512,1.1403,1.7914,19.0000,M,0,4140.0000,D,D: ML + EKF + NHC + map,2.4961,400.6264,585,600,117,0,0.4547,86.6071,0,0,0,phone_lag_online_mn,24.0000,0.9500,0.7083,1.0500,0.2000,online,28.0000,0.0000,test
60.0000,436.9120,84.6191,19.3676,56.7343,60.4913,84.6191,3.6879,3.0565,14.3236,18.2694,3.3208,25.7990,M,2,6789.1240,D,D: ML + EKF + NHC + map,2.4396,409.9016,584,599,0,0,0.5573,58.6466,0,0,0,phone_lag_online_mn,30.0000,0.9000,0.7000,1.1500,0.8000,online,31.0000,1.0000,test
60.0000,545.0209,54.4290,9.9866,38.4373,41.2702,66.7728,1.0742,0.9095,6.6995,6.7048,1.0376,12.2990,M,2,8649.1240,D,D: ML + EKF + NHC + map,2.2961,435.5289,585,553,0,0,0.5878,49.9330,0,0,0,phone_lag_online_mn,32.0000,0.1000,0.3750,0.0000,0.7000,online,34.0000,0.0000,test
60.0000,282.6365,24.0196,8.4984,13.0585,14.8603,25.7816,1.1389,0.7511,3.3557,5.9398,0.9006,14.7990,M,2,10479.1240,D,D: ML + EKF + NHC + map,2.3436,426.6849,585,552,0,0,0.4880,71.5026,0,0,0,phone_lag_online_mn,33.0000,0.2000,0.7879,0.3000,0.7000,online,29.0000,0.0000,test
120.0000,1820.1742,354.7305,19.4888,300.4827,313.1077,379.9518,5.7902,4.8971,8.0924,22.6941,9.6730,25.0000,M,0,300.0000,D,D: ML + EKF + NHC + map,2.3615,423.4650,1185,1200,36,0,0.8857,54.3598,0,0,0,phone_lag_online_mn,30.0000,0.1000,0.3333,0.2000,0.1000,default,27.0000,0.0000,test
120.0000,720.4282,143.1474,19.8698,77.2217,89.9482,147.0035,1.4908,1.1314,17.5496,20.5876,3.8058,9.9010,M,0,2100.0000,D,D: ML + EKF + NHC + map,2.3109,432.7352,1185,1115,0,0,0.5593,75.2390,0,0,0,phone_lag_online_mn,30.0000,0.4000,0.7667,0.7000,1.0000,online,31.0000,0.0000,test
120.0000,429.9772,29.8332,6.9383,24.5909,25.7692,52.5914,1.4604,0.8105,5.2791,7.8009,4.6959,26.9010,M,0,4140.0000,D,D: ML + EKF + NHC + map,2.3334,428.5664,1185,1200,231,0,0.4547,86.6071,0,0,0,phone_lag_online_mn,24.0000,0.9500,0.7083,1.0500,0.2000,online,27.0000,0.0000,test
120.0000,904.6886,83.4494,9.2241,91.5273,100.2891,155.3457,3.7491,3.2103,13.3444,4.9297,2.6088,10.7990,M,2,6789.1240,D,D: ML + EKF + NHC + map,2.3038,434.0630,1185,1196,0,0,0.5573,58.6466,0,0,0,phone_lag_online_mn,30.0000,0.9000,0.7000,1.1500,0.8000,online,33.0000,0.0000,test
120.0000,1014.9004,151.7167,14.9489,95.4760,113.8136,201.0973,2.8510,2.4918,11.2425,10.1788,4.5414,9.8050,M,2,8589.1240,D,D: ML + EKF + NHC + map,2.3801,420.1538,1186,1152,0,0,0.7425,58.1970,0,0,0,phone_lag_online_mn,33.0000,0.1000,0.1818,0.2000,0.1000,default,37.0000,0.0000,test
120.0000,1008.2964,303.6694,30.1171,107.3089,150.0791,303.6694,1.1854,0.9386,20.2919,39.7799,6.7192,26.7990,M,2,10389.1240,D,D: ML + EKF + NHC + map,2.2983,435.0979,1185,1178,0,0,0.6347,71.6002,0,0,0,phone_lag_online_mn,33.0000,0.5000,0.7273,0.8000,0.0000,online,31.0000,1.0000,test
30.0000,501.2133,178.4997,35.6135,121.6019,132.0339,178.4997,5.4941,5.1286,6.0216,7.8107,6.9987,12.9990,S3c,0,300.0000,D,D: ML + EKF + NHC + map,2.4556,407.2298,285,300,0,0,0.6586,-57.0466,0,0,0,phone_lag_online_mn_align,29.0000,0.5000,0.7241,0.6000,0.5000,online,32.0000,0.0000,val
30.0000,376.7845,105.0171,27.8719,69.7989,75.6869,105.0171,1.9269,1.6553,1.2353,0.0689,5.2822,,S3c,0,975.0000,D,D: ML + EKF + NHC + map,2.4009,416.5023,285,299,0,0,0.6480,-66.8427,0,0,0,phone_lag_online_mn_align,30.0000,0.1000,0.5000,0.2000,0.1000,default,30.0000,1.0000,val
30.0000,323.3899,83.9518,25.9599,56.0490,61.8535,89.1186,4.7814,4.1870,2.8634,0.8902,3.3873,22.3000,S3c,0,1590.0000,D,D: ML + EKF + NHC + map,2.4273,411.9785,285,282,26,0,0.7484,-83.6470,0,0,0,phone_lag_online_mn_align,32.0000,0.6000,0.7812,0.7500,1.4000,online,36.0000,0.0000,val
30.0000,372.9973,119.1969,31.9565,53.2367,61.0485,119.1969,3.0002,2.2988,15.0927,22.3127,6.4309,13.9990,S3c,0,2340.0000,D,D: ML + EKF + NHC + map,2.3917,418.1198,287,301,0,0,0.6249,-84.7476,0,0,0,phone_lag_online_mn_align,26.0000,1.0000,0.6923,1.1000,1.3000,online,29.0000,0.0000,val
30.0000,528.8802,167.5364,31.6776,110.4486,115.8377,167.5364,6.5281,6.3291,7.4204,10.0807,7.4134,10.9990,S3c,0,2955.0000,D,D: ML + EKF + NHC + map,2.5109,398.2698,286,300,0,0,0.4353,-110.2406,0,0,0,phone_lag_online_mn_align,32.0000,0.1000,0.2188,0.2000,0.1000,default,33.0000,0.0000,val
30.0000,195.0372,61.6787,31.6241,34.6897,39.0979,63.3575,5.7108,4.7365,4.9587,8.7099,1.0473,,S3c,0,3645.0000,D,D: ML + EKF + NHC + map,2.4373,410.2870,285,300,0,0,0.5065,-90.6568,0,0,0,phone_lag_online_mn_align,26.0000,0.1000,0.3846,1.6000,0.1000,default,27.0000,0.0000,val
60.0000,668.6532,244.5548,36.5742,170.0187,181.2863,253.4671,5.0750,4.7986,4.7011,0.8219,5.7003,9.9990,S3c,0,300.0000,D,D: ML + EKF + NHC + map,2.3138,432.1856,586,601,0,0,0.6586,-57.0466,0,0,0,phone_lag_online_mn_align,29.0000,0.5000,0.7241,0.6000,0.5000,online,32.0000,1.0000,val
60.0000,757.1978,168.2108,22.2149,69.1242,84.8506,168.2641,2.5381,2.1542,5.0922,15.1432,7.3255,15.9990,S3c,0,960.0000,D,D: ML + EKF + NHC + map,2.4840,402.5700,585,600,0,0,0.6331,-66.2866,0,0,0,phone_lag_online_mn_align,30.0000,0.1000,0.5000,0.3000,0.1000,default,31.0000,0.0000,val
60.0000,665.5684,67.3498,10.1191,62.3836,65.6649,89.1186,5.2071,4.7680,3.3794,10.7254,1.5244,24.9990,S3c,0,1590.0000,D,D: ML + EKF + NHC + map,2.4387,410.0544,586,583,26,0,0.7484,-83.6470,0,0,0,phone_lag_online_mn_align,32.0000,0.6000,0.7812,0.7500,1.4000,online,35.0000,0.0000,val
60.0000,611.1491,73.2546,11.9864,47.5324,52.3975,87.9540,3.4398,2.6403,6.0905,6.1112,3.5115,17.7000,S3c,0,2280.0000,D,D: ML + EKF + NHC + map,2.3847,419.3406,584,578,112,0,0.5864,-110.1191,0,0,0,phone_lag_online_mn_align,23.0000,0.2000,0.5652,1.4000,1.4000,online,26.0000,0.0000,val
60.0000,948.1185,291.7388,30.7703,150.9611,175.8996,291.7388,5.9712,5.3076,1.6492,0.5847,10.6981,17.0000,S3c,0,2910.0000,D,D: ML + EKF + NHC + map,2.2847,437.7002,586,575,0,0,0.5506,-96.5208,0,0,0,phone_lag_online_mn_align,32.0000,0.1000,0.2188,0.3000,1.0000,online,34.0000,0.0000,val
60.0000,519.1449,157.9707,30.4290,88.8351,93.9901,157.9707,4.4346,3.3818,14.0249,22.4808,5.0302,23.0000,S3c,0,3600.0000,D,D: ML + EKF + NHC + map,2.5111,398.2362,586,594,0,0,0.5221,-98.8916,0,0,0,phone_lag_online_mn_align,26.0000,1.8000,0.6538,1.8000,0.1000,default,28.0000,0.0000,val
120.0000,1231.5641,215.8975,17.5303,190.5293,199.0057,286.0955,7.0298,6.2891,5.0276,13.9425,4.9877,13.0000,S3c,0,300.0000,D,D: ML + EKF + NHC + map,2.4184,413.4984,1186,1201,0,0,0.6586,-57.0466,0,0,0,phone_lag_online_mn_align,29.0000,0.5000,0.7241,0.6000,0.5000,online,31.0000,1.0000,val
120.0000,2013.9329,828.4821,41.1375,234.3405,321.5132,828.4821,6.0042,4.1702,16.2060,37.3241,11.3834,,S3c,0,960.0000,D,D: ML + EKF + NHC + map,2.4239,412.5545,1184,1199,0,0,0.6331,-66.2866,0,0,0,phone_lag_online_mn_align,30.0000,0.1000,0.5000,0.3000,0.1000,default,31.0000,1.0000,val
120.0000,1146.5859,167.2301,14.5851,83.4879,88.6752,167.2301,4.0961,3.2030,16.2233,21.2198,5.2145,15.9990,S3c,0,1620.0000,D,D: ML + EKF + NHC + map,2.3148,432.0055,1186,1131,0,0,0.6669,-93.4290,0,0,0,phone_lag_online_mn_align,32.0000,0.7000,0.7812,0.9500,1.6000,online,35.0000,0.0000,val
120.0000,1194.9070,355.0185,29.7110,222.0404,260.4970,359.4067,6.3245,4.8291,8.5701,23.4407,1.6659,,S3c,0,2220.0000,D,D: ML + EKF + NHC + map,2.3963,417.3166,1185,1178,166,0,0.5890,-117.7055,0,0,0,phone_lag_online_mn_align,23.0000,0.1000,0.6087,0.3000,0.0000,online,23.0000,0.0000,val
120.0000,1681.1988,430.3040,25.5951,206.5629,242.2389,430.3040,6.0207,4.8229,4.2150,8.8668,12.8028,22.9990,S3c,0,2880.0000,D,D: ML + EKF + NHC + map,2.3446,426.5115,1181,1160,0,0,0.5693,-86.2953,0,0,0,phone_lag_online_mn_align,33.0000,0.1000,0.3333,0.3000,0.4000,online,30.0000,1.0000,val
120.0000,839.0200,245.7312,29.2879,199.4535,242.3582,401.8307,5.0413,3.7775,91.9760,142.7410,7.4396,13.9990,S3c,0,3540.0000,D,D: ML + EKF + NHC + map,2.3342,428.4166,1187,1170,2,0,0.5454,-116.5983,0,0,0,phone_lag_online_mn_align,28.0000,0.1000,0.3571,1.5500,1.3000,online,31.0000,0.0000,val
30.0000,134.3178,4.5538,3.3903,10.6122,10.8851,15.6178,1.7482,1.5567,9.1306,6.5179,1.2020,0.0000,Vta16,0,315.0000,D,D: ML + EKF + NHC + map,2.3578,424.1169,285,270,0,0,0.0584,-140.1783,0,0,0,phone_lag_online_mn_align,32.0000,0.1000,0.1875,0.3000,0.1000,default,35.0000,0.0000,val
30.0000,250.9996,56.6559,22.5721,26.2341,29.2011,56.6559,2.4641,1.9427,8.1149,4.8060,1.6829,15.7000,Vta16,0,495.0000,D,D: ML + EKF + NHC + map,2.3998,416.7009,285,287,0,0,0.1926,96.4059,0,0,0,phone_lag_online_mn_align,29.0000,0.1000,0.3103,0.5000,0.1000,online,32.0000,0.0000,val
30.0000,484.6937,340.1644,70.1813,156.7859,179.1581,340.1644,6.8127,6.3611,44.2616,87.1051,2.4528,,Vta16,0,630.0000,D,D: ML + EKF + NHC + map,2.3132,432.3086,286,281,0,0,0.1356,101.3851,0,0,0,phone_lag_online_mn_align,29.0000,0.1000,0.4138,0.4000,0.1000,default,32.0000,0.0000,val
30.0000,478.4390,31.6236,6.6097,20.1980,22.7556,38.5070,2.1180,1.8826,5.7058,18.1610,3.2857,27.7000,Vta16,0,780.0000,D,D: ML + EKF + NHC + map,2.3739,421.2438,285,292,0,0,0.0968,88.5226,0,0,0,phone_lag_online_mn_align,32.0000,0.1000,0.0000,0.5000,0.1000,default,36.0000,0.0000,val
30.0000,452.7418,508.8567,112.3945,265.4619,294.1523,508.8567,11.5400,11.3305,70.5178,87.4303,1.9275,,Vta16,0,930.0000,D,D: ML + EKF + NHC + map,2.3862,419.0785,286,273,0,0,0.1349,78.8787,0,0,0,phone_lag_online_mn_align,32.0000,0.1000,0.3125,0.4500,0.9000,online,35.0000,0.0000,val
30.0000,319.6200,101.6792,31.8125,36.4311,46.2046,101.6792,5.5313,4.3967,26.1820,75.1846,7.7208,22.7000,Vta16,0,1065.0000,D,D: ML + EKF + NHC + map,2.2898,436.7239,285,242,24,0,0.0216,-164.2223,0,0,0,phone_lag_online_mn_align,32.0000,0.1000,0.0625,3.6500,0.1000,default,33.0000,1.0000,val
60.0000,310.3378,113.0636,36.4324,42.6024,48.4488,113.0636,2.2821,1.9852,12.2886,15.0004,2.9567,,Vta16,0,300.0000,D,D: ML + EKF + NHC + map,2.3752,421.0221,585,565,0,0,0.0418,-115.0109,0,0,0,phone_lag_online_mn_align,32.0000,0.1000,0.1875,0.1000,0.1000,default,34.0000,0.0000,val
60.0000,387.7785,94.6310,24.4034,39.5248,42.6530,94.6310,4.9771,3.8451,22.9077,25.1111,4.1604,12.7000,Vta16,0,450.0000,D,D: ML + EKF + NHC + map,2.3400,427.3464,586,559,0,0,0.1526,-172.3540,0,0,0,phone_lag_online_mn_align,29.0000,0.1000,0.0690,0.2000,1.0000,online,31.0000,0.0000,val
60.0000,946.8757,623.7085,65.8702,257.9984,297.2402,623.7085,7.6849,7.2634,41.9173,111.1186,3.4541,,Vta16,0,600.0000,D,D: ML + EKF + NHC + map,2.3809,420.0154,586,573,0,0,0.1359,118.5950,0,0,0,phone_lag_online_mn_align,29.0000,0.1000,0.5172,0.4000,0.1000,default,31.0000,0.0000,val
60.0000,924.7404,1124.9743,121.6530,557.7536,636.2896,1124.9743,2.6675,2.3945,72.3037,83.4941,6.7705,,Vta16,0,720.0000,D,D: ML + EKF + NHC + map,2.3799,420.1944,585,583,0,0,0.1239,83.9905,0,0,0,phone_lag_online_mn_align,32.0000,0.1000,0.1562,0.3000,0.1000,default,31.0000,0.0000,val
60.0000,724.0586,105.1400,14.5209,112.1007,117.7123,142.4118,5.4649,4.2053,16.3030,56.2523,5.6793,25.7000,Vta16,0,870.0000,D,D: ML + EKF + NHC + map,2.2419,446.0501,585,523,0,0,0.1410,58.9714,0,0,0,phone_lag_online_mn_align,31.0000,0.1000,0.0968,0.0000,1.8000,online,34.0000,0.0000,val
60.0000,703.5992,112.8598,16.0404,62.8141,72.1173,124.5577,4.9817,4.2698,10.3970,20.0547,4.6233,28.7000,Vta16,0,1020.0000,D,D: ML + EKF + NHC + map,2.2423,445.9622,585,514,103,0,0.0816,109.9599,0,0,0,phone_lag_online_mn_align,32.0000,0.1000,0.4688,1.7000,0.1000,default,36.0000,0.0000,val
120.0000,482.4017,77.1826,15.9997,85.3312,99.3266,191.8075,3.2020,2.1227,12.9942,5.7949,2.3053,21.7000,Vta16,0,300.0000,D,D: ML + EKF + NHC + map,2.3130,432.3465,1185,1100,0,0,0.0418,-115.0109,0,0,0,phone_lag_online_mn_align,32.0000,0.1000,0.1875,0.1000,0.1000,default,35.0000,0.0000,val
120.0000,777.1058,166.0094,21.3625,60.5966,82.9059,193.4662,4.3652,3.2467,20.3596,34.7431,5.2187,27.6990,Vta16,0,420.0000,D,D: ML + EKF + NHC + map,2.1349,468.4054,1185,1114,0,0,0.1196,-143.4791,0,0,0,phone_lag_online_mn_align,29.0000,0.1000,0.0000,2.0000,0.1000,default,33.0000,0.0000,val
120.0000,1767.7630,531.9266,30.0904,224.6510,262.0734,531.9266,7.7824,6.9465,15.4619,59.1795,12.4250,,Vta16,0,540.0000,D,D: ML + EKF + NHC + map,2.2222,450.0114,1186,1167,0,0,0.2297,85.7903,0,0,0,phone_lag_online_mn_align,29.0000,0.1000,0.4828,0.5000,1.1000,online,32.0000,0.0000,val
120.0000,1759.3129,2285.7286,129.9217,1163.5895,1358.0691,2289.9424,2.5364,2.1882,92.7493,113.5621,3.6239,,Vta16,0,720.0000,D,D: ML + EKF + NHC + map,2.3156,431.8539,1185,1141,0,0,0.1239,83.9905,0,0,0,phone_lag_online_mn_align,32.0000,0.1000,0.1562,0.3000,0.1000,default,29.0000,1.0000,val
120.0000,1349.2278,519.5526,38.5074,401.5355,461.9791,681.4777,6.4813,4.8716,49.3530,34.4869,3.9784,,Vta16,0,840.0000,D,D: ML + EKF + NHC + map,2.3253,430.0539,1185,1084,0,0,0.0964,63.3933,0,0,0,phone_lag_online_mn_align,33.0000,0.1000,0.0303,0.0000,1.6000,online,36.0000,0.0000,val
120.0000,1573.1280,852.5825,54.1966,399.2933,464.2760,852.5825,3.9346,3.1471,40.6301,29.8149,18.1846,28.7000,Vta16,0,960.0000,D,D: ML + EKF + NHC + map,2.2665,441.2028,1185,1030,0,0,0.1265,74.2701,0,0,0,phone_lag_online_mn_align,31.0000,0.1000,0.3548,0.9000,0.1000,default,34.0000,0.0000,val
30.0000,625.5132,38.7215,6.1904,23.5160,28.7437,43.5624,1.1872,0.8791,5.2138,11.5742,6.5073,20.9020,Vfa01,0,300.0000,D,D: ML + EKF + NHC + map,2.4054,415.7287,285,295,57,0,0.4229,86.1921,0,0,0,phone_lag_online_mn_align,32.0000,0.3500,0.5000,2.1000,0.1000,default,36.0000,0.0000,val
30.0000,587.9765,42.1959,7.1765,22.7085,25.7112,42.2854,1.9136,1.5563,3.4084,1.8320,5.8414,23.9010,Vfa01,0,450.0000,D,D: ML + EKF + NHC + map,2.2477,444.9071,285,277,57,0,0.3016,95.5972,0,0,0,phone_lag_online_mn_align,33.0000,0.1000,0.3333,2.4000,0.4000,online,36.0000,0.0000,val
30.0000,760.8882,138.2814,18.1737,40.4948,52.9565,138.2814,3.1919,2.7075,7.5871,16.6530,10.6172,13.9000,Vfa01,0,615.0000,D,D: ML + EKF + NHC + map,2.3255,430.0098,285,244,0,0,0.4314,89.7419,0,0,0,phone_lag_online_mn_align,31.0000,0.2000,0.6774,0.4000,0.2000,online,33.0000,1.0000,val
30.0000,495.2327,202.7320,40.9367,139.1265,141.7680,202.7320,6.2083,4.8586,8.4002,17.9153,10.1496,13.9010,Vfa01,0,750.0000,D,D: ML + EKF + NHC + map,2.2990,434.9686,285,295,0,0,0.4901,85.8536,1,0,0,phone_lag_online_mn_align,31.0000,0.2000,0.7097,0.3000,0.1000,default,32.0000,0.0000,val
30.0000,384.4121,29.0051,7.5453,34.3667,34.5503,42.4483,5.6688,5.0717,3.7695,3.9915,1.5236,29.9000,Vfa01,0,900.0000,D,D: ML + EKF + NHC + map,2.1927,456.0568,285,248,0,0,0.3709,92.2868,1,0,0,phone_lag_online_mn_align,32.0000,0.1000,0.3750,1.2500,2.6000,online,36.0000,0.0000,val
30.0000,340.0709,598.5744,176.0146,262.7832,320.8711,598.5744,5.4922,4.3662,91.2810,123.6331,1.6477,,Vfa01,0,1080.0000,D,D: ML + EKF + NHC + map,2.3201,431.0223,285,253,0,0,0.3042,69.9260,2,0,0,phone_lag_online_mn_align,29.0000,1.3000,0.6897,1.6000,1.6000,online,32.0000,0.0000,val
60.0000,1339.6855,112.2766,8.3808,55.7814,69.0103,134.4035,4.1444,2.8267,7.6816,5.9725,8.2379,17.9010,Vfa01,0,300.0000,D,D: ML + EKF + NHC + map,2.2569,443.0892,585,593,117,0,0.4229,86.1921,0,0,0,phone_lag_online_mn_align,32.0000,0.3500,0.5000,2.1000,0.1000,default,34.0000,1.0000,val
60.0000,964.1739,270.2407,28.0282,69.9662,98.7925,270.2407,3.3128,2.8743,19.7595,47.0549,10.9822,,Vfa01,0,450.0000,D,D: ML + EKF + NHC + map,2.3118,432.5670,585,557,71,0,0.3016,95.5972,0,0,0,phone_lag_online_mn_align,33.0000,0.1000,0.3333,2.4000,0.4000,online,36.0000,0.0000,val
60.0000,1497.4792,724.5864,48.3871,321.7542,381.2507,724.5864,8.8628,8.5968,24.5891,39.5160,5.5218,,Vfa01,0,600.0000,D,D: ML + EKF + NHC + map,2.2493,444.5754,585,508,0,0,0.4226,84.7402,0,0,0,phone_lag_online_mn_align,31.0000,0.3000,0.7742,0.4000,0.1000,online,34.0000,0.0000,val
60.0000,1010.7968,320.5455,31.7122,126.7766,152.7285,320.5455,5.8903,4.7439,25.7888,41.2809,12.9560,19.9010,Vfa01,0,720.0000,D,D: ML + EKF + NHC + map,2.2534,443.7694,585,581,0,0,0.4422,84.7400,1,0,0,phone_lag_online_mn_align,31.0000,0.2000,0.7742,0.3000,0.8000,online,34.0000,0.0000,val
60.0000,858.4063,291.5955,33.9694,128.3280,149.4286,291.5955,4.0531,3.4148,22.9975,44.2657,7.5909,11.9010,Vfa01,0,870.0000,D,D: ML + EKF + NHC + map,2.2134,451.7939,585,515,0,0,0.3954,89.5226,1,0,0,phone_lag_online_mn_align,32.0000,0.1000,0.3125,0.8000,2.7000,online,36.0000,0.0000,val
60.0000,587.2390,452.8413,77.1136,116.4084,168.2139,452.8413,2.9686,2.2961,41.5955,102.4070,1.5323,,Vfa01,0,1050.0000,D,D: ML + EKF + NHC + map,2.3160,431.7745,585,509,0,0,0.3280,75.0638,2,0,0,phone_lag_online_mn_align,29.0000,0.7000,0.6552,1.6000,1.6000,online,32.0000,0.0000,val
120.0000,2607.5571,365.4837,14.0163,160.7721,202.3562,374.8659,4.6597,3.8796,9.0328,0.4703,16.4379,29.9010,Vfa01,0,300.0000,D,D: ML + EKF + NHC + map,2.3052,433.8032,1185,1143,166,0,0.4229,86.1921,0,0,0,phone_lag_online_mn_align,32.0000,0.3500,0.5000,2.1000,0.1000,default,36.0000,0.0000,val
120.0000,1853.9375,390.1236,21.0430,146.1832,209.8392,423.4956,3.8648,3.1223,20.5467,142.9364,10.7361,19.9020,Vfa01,0,420.0000,D,D: ML + EKF + NHC + map,2.2621,442.0679,1185,1072,130,0,0.3839,89.1393,0,0,0,phone_lag_online_mn_align,32.0000,0.1000,0.3125,2.4000,0.6000,online,34.0000,1.0000,val
120.0000,2275.4640,1097.7574,48.2432,301.4008,433.3469,1097.7574,10.4891,9.2492,29.6450,66.7272,13.1456,,Vfa01,0,540.0000,D,D: ML + EKF + NHC + map,2.1731,460.1618,1185,1041,16,0,0.2868,94.1161,0,0,0,phone_lag_online_mn_align,32.0000,0.3000,0.6250,0.5500,0.3000,online,35.0000,0.0000,val
120.0000,1830.1519,938.4179,51.2754,407.1400,515.2443,938.4179,4.5221,3.4826,35.0422,69.2008,24.0711,11.9000,Vfa01,0,720.0000,D,D: ML + EKF + NHC + map,2.2203,450.3796,1185,1153,0,0,0.4422,84.7400,1,0,0,phone_lag_online_mn_align,31.0000,0.2000,0.7742,0.3000,0.8000,online,35.0000,0.0000,val
120.0000,1627.3294,400.0642,24.5841,144.0890,184.9883,400.0642,4.2193,3.6511,16.7277,35.9285,14.0205,17.9010,Vfa01,0,840.0000,D,D: ML + EKF + NHC + map,2.2211,450.2352,1185,1027,0,0,0.4281,85.2692,2,0,0,phone_lag_online_mn_align,31.0000,0.1000,0.4839,0.8000,1.7000,online,34.0000,0.0000,val
120.0000,825.7010,174.6441,21.1510,48.1657,66.8760,174.6441,2.0541,1.2849,14.0673,2.5809,6.4796,12.9010,Vfa01,0,960.0000,D,D: ML + EKF + NHC + map,2.2679,440.9444,1186,1082,0,0,0.3562,84.6969,0,0,0,phone_lag_online_mn_align,32.0000,0.1000,0.4062,1.5500,0.1000,default,34.0000,0.0000,val
30.0000,394.1462,117.3107,29.7632,44.8140,58.1809,117.3107,4.4142,3.4786,3.1643,2.8075,6.3754,27.8990,S1,0,300.0000,D,D: ML + EKF + NHC + map,2.1342,468.5694,286,300,58,0,0.7720,72.7557,0,0,0,phone_lag_online_mn_align,26.0000,0.7000,0.6923,1.5000,1.5000,online,27.0000,0.0000,test
30.0000,118.3173,42.6967,36.0866,14.1057,18.3496,42.6967,0.8661,0.6567,14.5755,21.2014,2.1786,11.0010,S1,0,1185.0000,D,D: ML + EKF + NHC + map,2.2528,443.8981,284,296,0,0,0.5428,70.3724,0,0,0,phone_lag_online_mn_align,30.0000,0.3000,0.7667,0.8000,0.2000,online,33.0000,1.0000,test
30.0000,287.8600,60.3488,20.9647,24.7563,29.3324,60.3488,3.5210,2.9748,9.8412,23.6183,1.3241,,S1,0,2145.0000,D,D: ML + EKF + NHC + map,2.2693,440.6600,286,300,0,0,0.4904,52.4823,0,0,0,phone_lag_online_mn_align,32.0000,0.1000,0.7812,0.3000,0.0000,online,25.0000,0.0000,test
30.0000,162.7101,10.0100,6.1520,4.7171,5.3501,10.0100,0.6929,0.5991,3.1744,7.2467,1.0059,22.9990,S1,0,3060.0000,D,D: ML + EKF + NHC + map,2.2364,447.1454,284,261,0,0,0.6179,65.4556,0,0,0,phone_lag_online_mn_align,33.0000,0.4000,0.7273,0.6000,0.4000,online,34.0000,1.0000,test
30.0000,177.0207,64.1542,36.2411,28.9127,33.1402,64.1542,1.5978,1.1409,15.1234,23.7311,1.4496,27.9000,S1,0,3960.0000,D,D: ML + EKF + NHC + map,2.1353,468.3239,286,301,0,0,0.5594,61.0212,0,0,0,phone_lag_online_mn_align,32.0000,0.9000,0.7500,1.3000,0.5000,online,34.0000,1.0000,test
30.0000,101.9300,20.0330,19.6537,14.4339,16.2896,21.0999,1.6843,1.2223,2.7296,5.5747,0.6172,,S1,0,5055.0000,D,D: ML + EKF + NHC + map,2.2919,436.3237,285,300,52,0,0.6523,58.3955,0,0,0,phone_lag_online_mn_align,23.0000,0.8000,0.6522,1.0000,0.9000,online,24.0000,0.0000,test
60.0000,819.6284,188.6907,23.0215,103.7426,123.0210,191.0967,4.2366,3.6699,8.6019,22.0620,7.2320,15.9990,S1,0,300.0000,D,D: ML + EKF + NHC + map,1.9925,501.8844,586,600,118,0,0.7720,72.7557,0,0,0,phone_lag_online_mn_align,26.0000,0.7000,0.6923,1.5000,1.5000,online,26.0000,0.0000,test
60.0000,474.6477,43.5081,9.1664,44.8959,46.6979,62.4946,2.1491,1.8982,4.1046,12.3462,1.7654,7.9990,S1,0,1230.0000,D,D: ML + EKF + NHC + map,2.1796,458.8012,586,580,0,0,0.5325,68.5372,0,0,0,phone_lag_online_mn_align,31.0000,0.2000,0.7742,0.3000,0.1000,online,33.0000,0.0000,test
60.0000,567.4469,78.0235,13.7499,54.9201,58.5187,81.9829,3.1348,2.7255,6.3435,1.4765,3.0112,13.9990,S1,0,2130.0000,D,D: ML + EKF + NHC + map,2.2531,443.8297,585,585,0,0,0.5040,52.4524,0,0,0,phone_lag_online_mn_align,31.0000,0.1000,0.7097,0.5000,0.0000,online,25.0000,0.0000,test
60.0000,342.2292,48.7095,14.2330,15.4131,20.3772,48.7095,1.2967,1.0347,8.7844,18.1341,1.4329,29.0000,S1,0,3060.0000,D,D: ML + EKF + NHC + map,2.2782,438.9367,585,542,0,0,0.6179,65.4556,0,0,0,phone_lag_online_mn_align,33.0000,0.4000,0.7273,0.6000,0.4000,online,36.0000,0.0000,test
60.0000,419.1626,133.0504,31.7420,62.6823,73.2376,133.0504,2.3774,1.6677,21.1184,31.2299,4.9522,16.0000,S1,0,3960.0000,D,D: ML + EKF + NHC + map,2.3288,429.4046,586,595,0,0,0.5594,61.0212,0,0,0,phone_lag_online_mn_align,32.0000,0.9000,0.7500,1.3000,0.5000,online,33.0000,1.0000,test
60.0000,187.2536,43.5340,23.2487,15.4413,19.6462,46.2079,1.7991,1.2162,1.9661,5.7548,1.4044,,S1,0,5040.0000,D,D: ML + EKF + NHC + map,2.2281,448.8079,585,600,82,0,0.6528,58.2772,0,0,0,phone_lag_online_mn_align,23.0000,0.8000,0.6522,1.0000,0.9000,online,23.0000,0.0000,test
120.0000,1539.0428,705.1271,45.8160,235.8315,297.8409,705.1271,3.4684,2.8388,30.4475,65.5529,1.5610,,S1,0,300.0000,D,D: ML + EKF + NHC + map,2.0778,481.2862,1186,1190,136,0,0.7720,72.7557,0,0,0,phone_lag_online_mn_align,26.0000,0.7000,0.6923,1.5000,1.5000,online,26.0000,1.0000,test
120.0000,892.7171,620.5249,69.5097,285.7284,350.5416,620.5249,1.6382,1.3702,36.4031,42.5639,16.2453,14.0000,S1,0,1200.0000,D,D: ML + EKF + NHC + map,2.2554,443.3831,1186,1165,0,0,0.5077,68.9102,0,0,0,phone_lag_online_mn_align,32.0000,0.3000,0.7812,0.8000,0.2000,online,35.0000,0.0000,test
120.0000,1026.2289,712.1605,69.3959,247.5448,325.5231,712.1605,3.2286,2.3823,41.9016,84.2969,1.6701,,S1,0,2160.0000,D,D: ML + EKF + NHC + map,2.3480,425.9007,1185,1156,0,0,0.5187,53.4688,0,0,0,phone_lag_online_mn_align,33.0000,0.1000,0.7879,0.2000,0.0000,online,23.0000,0.0000,test
120.0000,603.5219,133.7419,22.1602,54.1603,70.3930,133.7419,1.2404,0.9709,18.9061,31.9327,3.0020,,S1,0,3060.0000,D,D: ML + EKF + NHC + map,2.2969,435.3709,1185,1101,0,0,0.6179,65.4556,0,0,0,phone_lag_online_mn_align,33.0000,0.4000,0.7273,0.6000,0.4000,online,35.0000,0.0000,test
120.0000,778.3688,302.1266,38.8153,75.3031,112.2386,302.1266,2.3644,1.8544,29.4244,56.0195,5.9619,13.0000,S1,0,4020.0000,D,D: ML + EKF + NHC + map,2.3129,432.3566,1185,1157,0,0,0.6303,71.7451,0,0,0,phone_lag_online_mn_align,32.0000,0.4500,0.7812,1.1000,0.1000,online,28.0000,0.0000,test
120.0000,750.5923,105.5300,14.0596,75.6417,76.6106,108.5260,1.9706,1.5045,4.8255,0.6266,1.0701,,S1,0,4980.0000,D,D: ML + EKF + NHC + map,2.4105,414.8536,1185,1200,237,0,0.6338,67.1391,0,0,0,phone_lag_online_mn_align,24.0000,0.6500,0.6667,0.8000,0.8000,online,25.0000,0.0000,test
30.0000,525.5802,262.3525,49.9167,168.2987,182.0352,262.3525,9.4623,9.2213,6.4457,21.8685,25.9628,15.9010,M,0,300.0000,D,D: ML + EKF + NHC + map,2.2510,444.2499,285,300,0,0,0.9310,53.8667,0,0,0,phone_lag_online_mn_align,30.0000,0.1000,0.3667,0.2000,0.1000,default,26.0000,0.0000,test
30.0000,199.1823,53.1797,26.6990,37.5816,39.1925,60.2399,1.7325,1.4557,6.0039,14.4699,2.5225,15.9010,M,0,2175.0000,D,D: ML + EKF + NHC + map,2.2383,446.7627,285,273,0,0,0.7473,72.7227,0,0,0,phone_lag_online_mn_align,28.0000,1.0000,0.7500,1.0500,0.9000,online,31.0000,0.0000,test
30.0000,414.8864,50.5959,12.1951,17.1976,21.7426,50.5959,2.4363,2.3460,1.6519,0.2241,1.9380,14.0010,M,0,4035.0000,D,D: ML + EKF + NHC + map,2.2680,440.9165,285,298,57,0,0.8147,87.6289,0,0,0,phone_lag_online_mn_align,31.0000,0.5000,0.7742,0.6000,1.2000,online,33.0000,0.0000,test
30.0000,270.6088,48.7931,18.0309,16.7187,20.0201,48.7931,2.2778,1.5755,3.9583,2.1372,1.6630,25.7990,M,2,6774.1240,D,D: ML + EKF + NHC + map,2.2851,437.6233,285,300,0,0,0.7891,67.3179,0,0,0,phone_lag_online_mn_align,30.0000,0.6500,0.7333,1.1000,0.7000,online,32.0000,0.0000,test
30.0000,216.3940,34.9798,16.1648,12.1150,15.6963,34.9798,1.7532,1.5593,0.9292,2.0851,1.1777,12.8000,M,2,8739.1240,D,D: ML + EKF + NHC + map,2.3204,430.9646,285,300,0,0,0.8338,56.9965,0,0,0,phone_lag_online_mn_align,32.0000,0.1000,0.4375,0.1500,0.1000,online,35.0000,0.0000,test
30.0000,144.4625,14.1246,9.7774,9.5402,10.2544,14.8772,1.6670,1.1497,7.9699,4.0785,0.5385,,M,2,10524.1240,D,D: ML + EKF + NHC + map,2.1801,458.7011,284,240,0,0,0.8356,67.7988,0,0,0,phone_lag_online_mn_align,31.0000,0.1000,0.7742,0.2000,0.9000,online,21.0000,0.0000,test
60.0000,1010.3487,361.5710,35.7868,243.8458,261.0399,361.5710,7.4259,6.8690,7.8822,3.6661,12.8109,12.9000,M,0,300.0000,D,D: ML + EKF + NHC + map,2.1938,455.8216,585,600,36,0,0.9310,53.8667,0,0,0,phone_lag_online_mn_align,30.0000,0.1000,0.3667,0.2000,0.1000,default,26.0000,0.0000,test
60.0000,386.3854,21.6026,5.5909,16.9999,18.3803,29.8104,1.6911,1.3291,6.1392,12.7095,1.1703,3.9010,M,0,2130.0000,D,D: ML + EKF + NHC + map,2.3226,430.5474,585,570,0,0,0.7481,71.9930,0,0,0,phone_lag_online_mn_align,30.0000,0.5000,0.7333,0.7000,1.1000,online,31.0000,0.0000,test
60.0000,173.8759,13.1758,7.5777,18.5351,18.9721,24.9535,0.6809,0.4659,2.8902,0.9412,1.7761,19.0000,M,0,4140.0000,D,D: ML + EKF + NHC + map,2.2468,445.0808,585,600,117,0,0.7167,82.3639,0,0,0,phone_lag_online_mn_align,24.0000,0.8000,0.7083,1.0000,0.2000,online,28.0000,0.0000,test
60.0000,436.9120,96.4845,22.0833,65.1151,71.5458,96.4845,3.5174,2.7968,14.3536,14.9777,3.6055,25.7990,M,2,6789.1240,D,D: ML + EKF + NHC + map,2.3191,431.2066,584,599,0,0,0.7971,69.7416,0,0,0,phone_lag_online_mn_align,30.0000,0.6500,0.7333,0.9000,0.8000,online,31.0000,1.0000,test
60.0000,545.0209,41.6653,7.6447,30.5813,32.4286,51.5951,0.6713,0.5245,4.7493,1.0301,1.0696,9.8050,M,2,8649.1240,D,D: ML + EKF + NHC + map,2.3341,428.4395,585,552,0,0,0.8323,57.7822,0,0,0,phone_lag_online_mn_align,32.0000,0.1000,0.3750,0.1000,0.8000,online,32.0000,0.0000,test
60.0000,282.6365,24.6835,8.7333,14.2458,16.2133,26.4288,1.0811,0.6975,3.0963,5.3851,0.8932,14.7990,M,2,10479.1240,D,D: ML + EKF + NHC + map,2.2961,435.5273,585,553,0,0,0.8255,69.3081,0,0,0,phone_lag_online_mn_align,33.0000,0.1000,0.7879,0.1000,0.7000,online,27.0000,0.0000,test
120.0000,1820.1742,359.9012,19.7729,303.4552,316.3507,383.6284,5.8215,4.9235,8.2136,23.0513,9.7963,25.0000,M,0,300.0000,D,D: ML + EKF + NHC + map,2.1899,456.6359,1185,1200,36,0,0.9310,53.8667,0,0,0,phone_lag_online_mn_align,30.0000,0.1000,0.3667,0.2000,0.1000,default,26.0000,0.0000,test
120.0000,720.4282,103.1704,14.3207,65.8172,75.2449,119.7136,1.5696,1.2129,12.9584,12.1339,2.6716,2.0010,M,0,2100.0000,D,D: ML + EKF + NHC + map,2.3052,433.7973,1185,1115,0,0,0.6853,67.7337,0,0,0,phone_lag_online_mn_align,30.0000,0.3500,0.7667,0.4000,1.0000,online,30.0000,0.0000,test
120.0000,429.9772,33.8602,7.8749,24.9238,26.7370,56.3377,1.5959,0.8798,4.9141,10.1193,4.8186,26.9010,M,0,4140.0000,D,D: ML + EKF + NHC + map,2.3397,427.4010,1185,1200,231,0,0.7167,82.3639,0,0,0,phone_lag_online_mn_align,24.0000,0.8000,0.7083,1.0000,0.2000,online,27.0000,0.0000,test
120.0000,904.6886,73.2081,8.0921,96.3035,104.6530,156.7828,3.4733,2.8739,12.5066,1.6807,2.6455,10.7990,M,2,6789.1240,D,D: ML + EKF + NHC + map,2.4209,413.0736,1185,1196,0,0,0.7971,69.7416,0,0,0,phone_lag_online_mn_align,30.0000,0.6500,0.7333,0.9000,0.8000,online,33.0000,0.0000,test
120.0000,1014.9004,137.9094,13.5885,86.7770,101.3468,167.0206,2.9552,2.5795,7.8223,3.8662,4.1664,9.8050,M,2,8589.1240,D,D: ML + EKF + NHC + map,2.4177,413.6111,1186,1152,0,0,0.8684,63.3700,0,0,0,phone_lag_online_mn_align,33.0000,0.1000,0.1818,0.2000,0.1000,default,37.0000,0.0000,test
120.0000,1008.2964,302.5465,30.0057,107.3079,149.2645,302.5465,1.1729,0.9188,19.9794,38.7517,6.7842,26.7990,M,2,10389.1240,D,D: ML + EKF + NHC + map,2.3098,432.9400,1185,1178,0,0,0.7997,69.6620,0,0,0,phone_lag_online_mn_align,33.0000,0.4000,0.7273,0.7000,0.0000,online,31.0000,1.0000,test
